timestamp,left_eye_x,left_eye_y,right_eye_x,right_eye_y,raw_gaze_x,raw_gaze_y
1769703597.594085,236.87171936035156,226.69739484786987,305.8222961425781,229.14997816085815,68.95057678222656,2.4525833129882812
1769703597.769533,237.12570190429688,227.20986127853394,306.801233291626,229.38095569610596,69.6755313873291,2.1710944175720215
1769703597.779962,236.92959785461426,226.50652170181274,306.17013931274414,229.87200736999512,69.24054145812988,3.365485668182373
1769703597.794899,236.86673164367676,226.53802156448364,306.03644371032715,229.9521017074585,69.16971206665039,3.4140801429748535
1769703597.830079,236.33928298950195,226.68527841567993,306.75217628479004,229.88363027572632,70.41289329528809,3.1983518600463867
1769703597.853667,236.3650131225586,226.71520471572876,306.593599319458,229.6635890007019,70.22858619689941,2.9483842849731445
1769703597.871547,236.98179244995117,226.6842484474182,306.66821479797363,229.18485403060913,69.68642234802246,2.500605583190918
1769703597.940995,236.81106567382812,226.65835618972778,306.5101718902588,229.22922134399414,69.69910621643066,2.5708651542663574
1769703597.977664,236.72922134399414,226.61114931106567,306.60593032836914,229.26950454711914,69.876708984375,2.658355236053467
1769703597.992265,237.6150131225586,226.29491329193115,306.61169052124023,229.1350507736206,68.99667739868164,2.840137481689453
1769703598.011739,238.1839370727539,226.4754867553711,306.3532257080078,229.1024136543274,68.1692886352539,2.626926898956299
1769703598.044283,236.93787574768066,225.1783275604248,306.63586616516113,227.9857063293457,69.69799041748047,2.8073787689208984
1769703598.064049,236.99708938598633,225.04058361053467,306.7258644104004,227.9935097694397,69.72877502441406,2.9529261589050293
1769703598.085859,236.30091667175293,224.89095211029053,306.8410015106201,228.04834127426147,70.54008483886719,3.1573891639709473
1769703598.099765,236.41119003295898,225.0468134880066,306.6256523132324,227.96987771987915,70.21446228027344,2.9230642318725586
1769703598.174197,236.42905235290527,224.87728357315063,306.14580154418945,227.9541778564453,69.71674919128418,3.0768942832946777
1769703598.216618,236.3330841064453,225.07683277130127,305.7966613769531,227.92806386947632,69.46357727050781,2.851231098175049
1769703598.232417,236.1788558959961,225.23210763931274,305.7077693939209,227.94575214385986,69.5289134979248,2.713644504547119
1769703598.279802,235.81981658935547,224.86900806427002,305.5172634124756,227.60050535202026,69.69744682312012,2.731497287750244
1769703598.291059,235.91625213623047,224.8821473121643,305.66864013671875,227.72259950637817,69.75238800048828,2.840452194213867
1769703598.344999,235.61856269836426,225.19211053848267,305.20912170410156,228.25130939483643,69.5905590057373,3.0591988563537598
1769703598.359343,235.5091953277588,225.2228879928589,305.30561447143555,228.0957555770874,69.79641914367676,2.8728675842285156
1769703598.394057,235.2329444885254,224.80891227722168,304.7132873535156,227.75529384613037,69.48034286499023,2.9463815689086914
1769703598.45513,234.57414627075195,224.56157684326172,303.61108779907227,227.3921513557434,69.03694152832031,2.8305745124816895
1769703598.467712,234.54029083251953,224.66804265975952,303.4829521179199,227.38726615905762,68.94266128540039,2.7192234992980957
1769703598.525388,234.40381050109863,225.1305627822876,302.4383544921875,227.42365837097168,68.03454399108887,2.293095588684082
1769703598.537763,234.21653747558594,225.14854431152344,302.26877212524414,227.38112926483154,68.0522346496582,2.2325849533081055
1769703598.570836,233.4583854675293,224.80621576309204,301.32917404174805,227.33315706253052,67.87078857421875,2.5269412994384766
1769703598.582509,233.28039169311523,224.94599103927612,301.5253448486328,227.1542501449585,68.24495315551758,2.208259105682373
1769703598.635595,232.8944492340088,227.7125358581543,301.83948516845703,230.63052892684937,68.94503593444824,2.9179930686950684
1769703598.646777,232.4630069732666,227.86715269088745,302.1045684814453,230.79607486724854,69.64156150817871,2.928922176361084
1769703598.705367,231.67654991149902,227.4804711341858,300.76343536376953,230.94690799713135,69.08688545227051,3.4664368629455566
1769703598.759248,231.33394241333008,225.60529232025146,299.7371482849121,227.022864818573,68.40320587158203,1.4175724983215332
1769703598.7835,231.41751289367676,225.52187204360962,299.2844486236572,226.78192377090454,67.86693572998047,1.2600517272949219
1769703598.809209,229.87897872924805,224.66875076293945,298.2529830932617,226.6842555999756,68.37400436401367,2.015504837036133
1769703598.823563,229.6389389038086,224.50002193450928,298.31543922424316,226.8946409225464,68.67650032043457,2.3946189880371094
1769703598.877274,229.8719596862793,225.5403757095337,297.99105644226074,227.2176718711853,68.11909675598145,1.6772961616516113
1769703598.890369,229.77880477905273,225.55253505706787,297.9768466949463,227.2626757621765,68.19804191589355,1.7101407051086426
1769703598.938884,229.56243515014648,225.39989233016968,297.802095413208,226.92627668380737,68.23966026306152,1.5263843536376953
1769703598.949822,229.68615531921387,225.3487730026245,297.8245258331299,226.89207315444946,68.13837051391602,1.5433001518249512
1769703598.999751,228.48544120788574,225.29359102249146,297.5329780578613,226.76631689071655,69.04753684997559,1.4727258682250977
1769703599.00889,228.60054969787598,225.35340785980225,297.23156929016113,226.653950214386,68.63101959228516,1.3005423545837402
1769703599.044763,228.14251899719238,226.01332426071167,297.0177936553955,227.01863050460815,68.87527465820312,1.0053062438964844
1769703599.127598,227.55638122558594,225.44694900512695,296.4385986328125,227.4012565612793,68.88221740722656,1.9543075561523438
1769703599.144795,227.7021598815918,225.4088830947876,296.437292098999,227.29334592819214,68.73513221740723,1.884462833404541
1769703599.174344,227.34661102294922,225.68934202194214,295.50317764282227,227.29228734970093,68.15656661987305,1.602945327758789
1769703599.203773,227.4435806274414,225.7448387145996,295.48462867736816,227.12721347808838,68.04104804992676,1.3823747634887695
1769703599.239169,227.1754264831543,226.62532567977905,295.82125663757324,227.44924306869507,68.64583015441895,0.8239173889160156
1769703599.255172,227.1517562866211,226.72958135604858,295.437068939209,227.3828101158142,68.28531265258789,0.653228759765625
1769703599.296187,226.60456657409668,226.26675367355347,294.9171733856201,227.52189874649048,68.31260681152344,1.2551450729370117
1769703599.306473,226.73501014709473,226.30034923553467,295.01574516296387,227.4519395828247,68.28073501586914,1.151590347290039
1769703599.36782,226.87219619750977,226.54586791992188,295.17863273620605,226.85216903686523,68.30643653869629,0.3063011169433594
1769703599.415482,226.70392990112305,226.68614387512207,294.5725154876709,226.74370765686035,67.86858558654785,0.05756378173828125
1769703599.435895,226.6316795349121,226.64721965789795,294.5645999908447,226.67531490325928,67.93292045593262,0.028095245361328125
1769703599.485671,224.2828369140625,227.5549077987671,293.2571029663086,225.7668399810791,68.9742660522461,-1.7880678176879883
1769703599.503579,224.53794479370117,227.49755144119263,293.3418846130371,225.66123962402344,68.80393981933594,-1.8363118171691895
1769703599.529832,222.30957984924316,228.96358966827393,290.51807403564453,225.2847146987915,68.20849418640137,-3.678874969482422
1769703599.545092,221.3998031616211,228.79724264144897,290.9961223602295,225.26485204696655,69.5963191986084,-3.532390594482422
1769703599.590262,218.88089179992676,230.0724720954895,287.42798805236816,224.47643280029297,68.5470962524414,-5.596039295196533
1769703599.659664,215.0763702392578,232.17331409454346,283.156042098999,223.554847240448,68.07967185974121,-8.618466854095459
1769703599.683269,214.52438354492188,231.6777205467224,283.6367607116699,223.49501609802246,69.11237716674805,-8.182704448699951
1769703599.721635,212.20767974853516,233.11495542526245,280.0088691711426,223.09792041778564,67.80118942260742,-10.017035007476807
1769703599.735792,212.1120834350586,232.30088710784912,280.06924629211426,223.1615710258484,67.95716285705566,-9.139316082000732
1769703599.769223,209.92220878601074,234.03784275054932,277.9843235015869,222.8806757926941,68.06211471557617,-11.157166957855225
1769703599.786055,209.68401908874512,233.23692798614502,277.6384449005127,222.743239402771,67.95442581176758,-10.493688583374023
1769703599.833231,207.50908851623535,234.40541982650757,276.260929107666,222.90915727615356,68.75184059143066,-11.496262550354004
1769703599.849763,208.16200256347656,234.3117642402649,276.0836601257324,222.82020092010498,67.92165756225586,-11.491563320159912
1769703599.894532,206.99041366577148,233.82431030273438,275.84054946899414,222.5938081741333,68.85013580322266,-11.230502128601074
1769703599.994736,206.64417266845703,233.66384983062744,274.85486030578613,222.4727725982666,68.2106876373291,-11.19107723236084
1769703600.009179,206.45045280456543,233.6216926574707,274.93677139282227,222.45600700378418,68.48631858825684,-11.165685653686523
1769703600.082937,206.70849800109863,233.52869510650635,275.07622718811035,222.24906206130981,68.36772918701172,-11.279633045196533
1769703600.103894,206.69936180114746,233.5925030708313,275.1183605194092,222.27574825286865,68.41899871826172,-11.316754817962646
1769703600.144886,206.68981552124023,233.60929012298584,275.181303024292,222.26654291152954,68.49148750305176,-11.342747211456299
1769703600.205316,207.35078811645508,234.48675870895386,276.30176544189453,223.31905603408813,68.95097732543945,-11.167702674865723
1769703600.223741,207.40320205688477,233.96649599075317,275.79198837280273,222.9976773262024,68.38878631591797,-10.968818664550781
1769703600.242404,207.37664222717285,234.0610671043396,275.8122253417969,223.00884246826172,68.43558311462402,-11.05222463607788
1769703600.255193,207.33201026916504,233.03378820419312,275.8889961242676,222.29241371154785,68.55698585510254,-10.741374492645264
1769703600.273882,207.58590698242188,233.12740087509155,276.0780715942383,222.41950750350952,68.4921646118164,-10.707893371582031
1769703600.294886,207.4119758605957,233.128924369812,276.1222743988037,222.40108251571655,68.71029853820801,-10.727841854095459
1769703600.308759,208.93457412719727,234.09289598464966,278.0027389526367,223.33688735961914,69.06816482543945,-10.756008625030518
1769703600.327472,208.71644020080566,234.19808149337769,277.73733139038086,223.08103322982788,69.0208911895752,-11.117048263549805
1769703600.374059,211.221342086792,232.4589443206787,279.0603446960449,223.29557418823242,67.83900260925293,-9.163370132446289
1769703600.394676,210.88119506835938,232.57755517959595,279.2451286315918,223.1252646446228,68.36393356323242,-9.452290534973145
1769703600.444093,214.86437797546387,229.61698293685913,284.0392875671387,222.76710033416748,69.1749095916748,-6.84988260269165
1769703600.455182,215.0781536102295,229.67443943023682,283.8602828979492,222.5287628173828,68.78212928771973,-7.145676612854004
1769703600.494653,220.47975540161133,228.16833972930908,289.38133239746094,224.03669357299805,68.90157699584961,-4.131646156311035
1769703600.504979,220.4110813140869,228.1693983078003,288.8116455078125,223.71684551239014,68.40056419372559,-4.452552795410156
1769703600.549466,225.61273574829102,225.31806707382202,295.01413345336914,222.910737991333,69.40139770507812,-2.4073290824890137
1769703600.623957,231.92142486572266,223.20711135864258,301.0941410064697,222.48818635940552,69.17271614074707,-0.7189249992370605
1769703600.653665,231.92561149597168,223.442645072937,301.0311508178711,222.38025426864624,69.10553932189941,-1.0623908042907715
1769703600.679974,237.92946815490723,221.99453830718994,305.9439945220947,223.24318170547485,68.0145263671875,1.248643398284912
1769703600.699828,237.61869430541992,222.19927310943604,306.5759754180908,223.24082851409912,68.9572811126709,1.041555404663086
1769703600.723624,243.15592765808105,220.77065706253052,312.1911430358887,223.2997226715088,69.03521537780762,2.5290656089782715
1769703600.74464,243.28008651733398,220.0511384010315,311.6475200653076,223.5774850845337,68.36743354797363,3.5263466835021973
1769703600.803607,247.467622756958,219.36647415161133,315.97744941711426,223.45004796981812,68.50982666015625,4.083573818206787
1769703600.859038,250.81321716308594,219.9129867553711,319.06816482543945,224.7686505317688,68.25494766235352,4.855663776397705
1769703600.877179,250.94501495361328,219.26682472229004,318.69977951049805,225.02908945083618,67.75476455688477,5.762264728546143
1769703600.91929,253.16554069519043,218.7655735015869,321.0932731628418,225.16618251800537,67.92773246765137,6.400609016418457
1769703600.938244,252.82605171203613,218.30652952194214,321.1979103088379,225.14190673828125,68.37185859680176,6.835377216339111
1769703600.967668,254.69844818115234,218.37720394134521,322.346830368042,225.2562689781189,67.64838218688965,6.879065036773682
1769703600.988307,254.1155242919922,217.92816638946533,322.44604110717773,225.61286687850952,68.33051681518555,7.6847004890441895
1769703601.029947,254.7941493988037,218.60348224639893,322.23118782043457,225.70378303527832,67.43703842163086,7.1003007888793945
1769703601.040256,254.72458839416504,218.56656074523926,322.4277114868164,225.9420347213745,67.70312309265137,7.375473976135254
1769703601.095003,254.09900665283203,218.89944076538086,322.2985649108887,225.8657741546631,68.19955825805664,6.966333389282227
1769703601.159111,253.14167976379395,218.24385166168213,321.8403720855713,224.7616195678711,68.69869232177734,6.517767906188965
1769703601.182484,253.250093460083,218.2704734802246,321.6551685333252,224.77739095687866,68.40507507324219,6.506917476654053
1769703601.209048,252.88723945617676,218.4710168838501,321.43092155456543,225.43089866638184,68.54368209838867,6.959881782531738
1769703601.221579,252.84262657165527,218.46118927001953,321.5131378173828,225.58016538619995,68.67051124572754,7.11897611618042
1769703601.270856,251.69358253479004,218.0353546142578,320.22552490234375,224.85474586486816,68.53194236755371,6.819391250610352
1769703601.287697,251.85589790344238,218.13769340515137,320.2753734588623,224.77962970733643,68.41947555541992,6.641936302185059
1769703601.332334,250.702486038208,219.00116443634033,319.1734981536865,224.75241422653198,68.47101211547852,5.75124979019165
1769703601.340506,250.74586868286133,218.91106367111206,319.5697498321533,225.0520920753479,68.82388114929199,6.14102840423584
1769703601.404982,249.30255889892578,219.02544021606445,317.7594184875488,225.2619194984436,68.45685958862305,6.23647928237915
1769703601.417707,249.0859317779541,219.19075727462769,318.01748275756836,225.01283884048462,68.93155097961426,5.822081565856934
1769703601.444772,247.99728393554688,219.4332504272461,316.2709140777588,225.01230239868164,68.27363014221191,5.579051971435547
1769703601.511756,246.94738388061523,220.00536918640137,315.51899909973145,225.25973796844482,68.57161521911621,5.254368782043457
1769703601.523709,246.78909301757812,220.02631902694702,316.0134983062744,225.28696060180664,69.22440528869629,5.260641574859619
1769703601.577291,245.9553050994873,220.3837537765503,315.35611152648926,225.79445600509644,69.40080642700195,5.410702228546143
1769703601.590403,245.8167839050293,220.35637378692627,315.5302429199219,225.79241037368774,69.71345901489258,5.436036586761475
1769703601.635994,245.6190299987793,220.08281707763672,314.3547248840332,224.99542951583862,68.7356948852539,4.912612438201904
1769703601.65011,245.2150535583496,219.97419118881226,314.65335845947266,225.2742075920105,69.43830490112305,5.300016403198242
1769703601.685976,244.64580535888672,220.79725742340088,312.9966354370117,225.24710655212402,68.350830078125,4.4498491287231445
1769703601.701733,244.2123031616211,220.65701723098755,313.8918113708496,225.7103991508484,69.67950820922852,5.05338191986084
1769703601.749453,242.82245635986328,221.34366989135742,311.4333152770996,225.30872583389282,68.61085891723633,3.9650559425354004
1769703601.818155,242.35541343688965,221.07683658599854,311.3034915924072,225.2704668045044,68.94807815551758,4.193630218505859
1769703601.828066,242.11909294128418,221.06127262115479,311.7183494567871,225.31391143798828,69.59925651550293,4.252638816833496
1769703601.882203,242.29263305664062,222.0119333267212,310.9080696105957,225.46051740646362,68.61543655395508,3.4485840797424316
1769703601.890829,241.8802261352539,222.02516555786133,311.1161518096924,225.4595446586609,69.23592567443848,3.4343791007995605
1769703601.930135,241.08721733093262,221.09683513641357,310.47109603881836,225.1791214942932,69.38387870788574,4.082286357879639
1769703601.944322,241.24411582946777,221.151123046875,310.50390243530273,225.21916151046753,69.25978660583496,4.068038463592529
1769703601.999422,240.91825485229492,221.24881267547607,309.3792915344238,224.6550178527832,68.4610366821289,3.406205177307129
1769703602.059698,241.45712852478027,221.37025594711304,310.3131675720215,225.62609910964966,68.85603904724121,4.255843162536621
1769703602.073648,241.4838695526123,221.3905906677246,310.3050136566162,225.64091205596924,68.8211441040039,4.250321388244629
1769703602.123729,240.95476150512695,220.98103523254395,310.3593921661377,225.14119863510132,69.40463066101074,4.160163402557373
1769703602.140261,241.156644821167,220.84208965301514,310.2470111846924,225.102117061615,69.09036636352539,4.2600274085998535
1769703602.169618,241.2974452972412,221.15808963775635,310.1732540130615,225.48309803009033,68.87580871582031,4.325008392333984
1769703602.182374,241.07816696166992,221.13088846206665,310.556583404541,225.53296566009521,69.4784164428711,4.4020771980285645
1769703602.236573,241.12109184265137,221.47990465164185,309.82178688049316,225.28072357177734,68.7006950378418,3.800818920135498
1769703602.24434,241.29639625549316,221.45111560821533,309.6812343597412,225.1808738708496,68.38483810424805,3.7297582626342773
1769703602.299876,240.69074630737305,220.68840265274048,310.2865409851074,224.8373579978943,69.59579467773438,4.148955345153809
1769703602.38212,241.20488166809082,221.0556721687317,310.6716537475586,225.13539791107178,69.46677207946777,4.079725742340088
1769703602.456048,241.18072509765625,221.01699829101562,310.3959655761719,225.1571774482727,69.21524047851562,4.14017915725708
1769703602.467786,240.8637809753418,221.643705368042,310.588903427124,225.88736057281494,69.72512245178223,4.243655204772949
1769703602.485852,240.9317684173584,221.63795471191406,310.42118072509766,225.71953296661377,69.48941230773926,4.081578254699707
1769703602.501507,241.7039394378662,220.8669877052307,310.2649402618408,225.25158405303955,68.56100082397461,4.384596347808838
1769703602.517746,241.48479461669922,220.90752840042114,310.4166030883789,225.21186590194702,68.93180847167969,4.304337501525879
1769703602.537895,241.3645076751709,221.08444690704346,310.50182342529297,225.4391098022461,69.13731575012207,4.354662895202637
1769703602.553586,241.59521102905273,221.32048845291138,309.3747329711914,225.06493091583252,67.77952194213867,3.7444424629211426
1769703602.605283,241.42977714538574,222.08064079284668,310.0301742553711,225.51918983459473,68.60039710998535,3.438549041748047
1769703602.623932,241.40311241149902,221.86290979385376,310.2214241027832,225.72207927703857,68.81831169128418,3.8591694831848145
1769703602.644703,240.6389331817627,221.35141611099243,310.6086730957031,225.5538010597229,69.96973991394043,4.202384948730469
1769703602.714569,241.16394996643066,222.03739643096924,310.11950492858887,226.18704557418823,68.9555549621582,4.149649143218994
1769703602.736015,240.8973217010498,222.2307586669922,309.96323585510254,225.89618682861328,69.06591415405273,3.6654281616210938
1769703602.777288,241.2735939025879,221.87612056732178,310.5730724334717,225.88412046432495,69.29947853088379,4.007999897003174
1769703602.794702,241.53386116027832,221.88815116882324,310.6726360321045,225.73410987854004,69.13877487182617,3.845958709716797
1769703602.840537,241.40993118286133,221.9235920906067,311.39702796936035,225.85882902145386,69.98709678649902,3.935236930847168
1769703602.859156,241.5605640411377,221.78930282592773,310.8340263366699,225.63491106033325,69.27346229553223,3.8456082344055176
1769703602.890526,241.26261711120605,222.13969230651855,310.71974754333496,226.19380474090576,69.4571304321289,4.054112434387207
1769703602.903733,241.14970207214355,222.04885482788086,311.27771377563477,226.4043688774109,70.12801170349121,4.355514049530029
1769703602.953564,241.68856620788574,221.6998314857483,311.63429260253906,226.87224626541138,69.94572639465332,5.172414779663086
1769703603.032758,241.37361526489258,221.97497606277466,310.93374252319336,226.21973276138306,69.56012725830078,4.244756698608398
1769703603.045936,241.14723205566406,221.9781732559204,311.1941909790039,226.3400173187256,70.04695892333984,4.361844062805176
1769703603.079979,241.01478576660156,222.77631998062134,311.1244010925293,226.41727924346924,70.10961532592773,3.6409592628479004
1769703603.094733,240.95765113830566,222.85616397857666,311.07635498046875,226.35908603668213,70.11870384216309,3.5029220581054688
1769703603.123708,241.1281967163086,222.16667890548706,310.809907913208,226.55334949493408,69.68171119689941,4.3866705894470215
1769703603.137488,241.40453338623047,222.0948314666748,310.517053604126,226.4955997467041,69.11252021789551,4.400768280029297
1769703603.205209,241.29858016967773,222.19722032546997,310.7222366333008,226.50229454040527,69.42365646362305,4.305074214935303
1769703603.267889,241.0804843902588,222.50581741333008,311.22215270996094,226.4061141014099,70.14166831970215,3.900296688079834
1769703603.278354,240.9531593322754,222.85459756851196,310.96221923828125,226.60444021224976,70.00905990600586,3.749842643737793
1769703603.338014,241.20347023010254,222.1102523803711,311.15129470825195,226.7034387588501,69.94782447814941,4.593186378479004
1769703603.34987,241.1322784423828,221.90965175628662,311.4270877838135,226.68436288833618,70.29480934143066,4.7747111320495605
1769703603.382507,241.37849807739258,222.49366521835327,310.5228042602539,226.27305507659912,69.14430618286133,3.7793898582458496
1769703603.394357,241.1605930328369,222.45728015899658,310.5188751220703,226.40299558639526,69.3582820892334,3.9457154273986816
1769703603.467966,241.50906562805176,222.51976490020752,311.19357109069824,226.56242609024048,69.68450546264648,4.042661190032959
1769703603.479856,241.42035484313965,222.49945163726807,310.7788276672363,226.60600662231445,69.35847282409668,4.106554985046387
1769703603.527734,242.0683193206787,222.86426782608032,310.1669979095459,227.2118353843689,68.09867858886719,4.347567558288574
1769703603.605219,241.82615280151367,224.12315368652344,309.71590995788574,228.0216121673584,67.88975715637207,3.898458480834961
1769703603.62398,241.89190864562988,224.13979053497314,309.6537208557129,227.82577514648438,67.76181221008301,3.6859846115112305
1769703603.636928,241.4822483062744,223.20907831192017,310.52350997924805,227.27647304534912,69.04126167297363,4.067394733428955
1769703603.651696,241.6128635406494,223.1024193763733,310.6565284729004,227.13624000549316,69.04366493225098,4.033820629119873
1769703603.686333,240.64970016479492,222.69199132919312,310.4817867279053,226.97818994522095,69.83208656311035,4.286198616027832
1769703603.694467,240.66096305847168,222.67393112182617,309.9840450286865,226.60675048828125,69.32308197021484,3.932819366455078
1769703603.744849,241.24176025390625,221.85152292251587,309.3394947052002,225.80278158187866,68.09773445129395,3.951258659362793
1769703603.755005,240.78868865966797,221.62892818450928,309.70354080200195,225.83870887756348,68.91485214233398,4.209780693054199
1769703603.810974,240.3780174255371,221.67617082595825,309.38286781311035,225.79720973968506,69.00485038757324,4.121038913726807
1769703603.827455,240.30378341674805,221.5111541748047,309.30164337158203,225.8437728881836,68.99785995483398,4.332618713378906
1769703603.859258,240.19408226013184,221.96844577789307,308.6011219024658,225.56096076965332,68.40703964233398,3.592514991760254
1769703603.910117,239.86191749572754,222.09941625595093,308.20356369018555,225.83141326904297,68.34164619445801,3.731997013092041
1769703603.921539,239.62295532226562,222.19897270202637,308.04747581481934,225.63480377197266,68.42452049255371,3.435831069946289
1769703603.977564,240.98429679870605,222.4182629585266,309.802942276001,225.70738077163696,68.81864547729492,3.2891178131103516
1769703603.985936,240.9687328338623,222.38086223602295,309.72572326660156,225.6192183494568,68.75699043273926,3.238356113433838
1769703604.023638,242.22424507141113,221.51023864746094,311.16106033325195,225.4665184020996,68.93681526184082,3.956279754638672
1769703604.053864,242.1116065979004,221.65482759475708,311.10095024108887,225.0600814819336,68.98934364318848,3.4052538871765137
1769703604.085945,243.33457946777344,221.36221647262573,311.6058540344238,225.19498586654663,68.27127456665039,3.8327693939208984
1769703604.09665,243.3599853515625,221.3821506500244,311.9674015045166,225.27423620224,68.6074161529541,3.892085552215576
1769703604.227236,245.01487731933594,221.9314956665039,312.5054740905762,225.25277137756348,67.49059677124023,3.3212757110595703
1769703604.280399,245.216646194458,221.53598070144653,313.0962371826172,224.85247135162354,67.87959098815918,3.316490650177002
1769703604.290652,245.51026344299316,221.31685495376587,312.8465747833252,224.56611156463623,67.33631134033203,3.2492566108703613
1769703604.299762,245.55198669433594,221.3165831565857,313.004789352417,224.60728883743286,67.45280265808105,3.290705680847168
1769703604.310063,245.41851997375488,221.3032364845276,313.29848289489746,224.74016189575195,67.87996292114258,3.4369254112243652
1769703604.340441,245.62498092651367,221.87947511672974,313.3027172088623,225.78974962234497,67.67773628234863,3.9102745056152344
1769703604.353594,245.9033203125,221.86798810958862,313.4308052062988,225.91829538345337,67.52748489379883,4.050307273864746
1769703604.394263,245.93929290771484,221.76074266433716,314.0101623535156,225.6182312965393,68.07086944580078,3.8574886322021484
1769703604.403743,246.00958824157715,221.7524528503418,314.1557312011719,225.80381870269775,68.14614295959473,4.051365852355957
1769703604.459055,246.283540725708,221.2116551399231,313.7768268585205,225.2582859992981,67.4932861328125,4.046630859375
1769703604.523837,245.87626457214355,222.7138352394104,313.90424728393555,226.12232208251953,68.02798271179199,3.408486843109131
1769703604.532665,245.93311309814453,222.82460689544678,313.7336540222168,225.97136735916138,67.80054092407227,3.1467604637145996
1769703604.582284,245.60897827148438,221.38856649398804,313.43969345092773,225.8518123626709,67.83071517944336,4.463245868682861
1769703604.599571,245.44477462768555,221.21548175811768,313.54519844055176,225.79823970794678,68.10042381286621,4.582757949829102
1769703604.658801,245.16841888427734,221.27614974975586,313.41087341308594,225.4487156867981,68.2424545288086,4.172565937042236
1769703604.769333,245.24892807006836,221.12812042236328,313.2128715515137,225.37731170654297,67.96394348144531,4.2491912841796875
1769703604.788283,242.4390411376953,222.16235160827637,312.39013671875,225.54395198822021,69.95109558105469,3.3816003799438477
1769703604.854955,241.67325973510742,222.57986783981323,310.53338050842285,226.24940872192383,68.86012077331543,3.6695408821105957
1769703604.884285,241.60808563232422,222.5630235671997,310.9447956085205,226.02168560028076,69.33670997619629,3.4586620330810547
1769703604.898808,240.52372932434082,222.6756191253662,309.97570991516113,226.23108386993408,69.45198059082031,3.555464744567871
1769703604.964692,239.47826385498047,222.64671564102173,308.71341705322266,225.89467763900757,69.23515319824219,3.24796199798584
1769703604.980781,239.40208435058594,222.42825508117676,309.0147113800049,226.11790895462036,69.61262702941895,3.6896538734436035
1769703605.023615,238.9043426513672,223.0024766921997,307.23236083984375,226.25022411346436,68.32801818847656,3.2477474212646484
1769703605.04488,238.49078178405762,223.13673734664917,307.694673538208,226.19072914123535,69.20389175415039,3.0539917945861816
1769703605.09457,237.27452278137207,223.8976263999939,305.9304618835449,226.17403507232666,68.65593910217285,2.2764086723327637
1769703605.109003,237.11461067199707,223.8645887374878,306.1108589172363,226.15807056427002,68.99624824523926,2.2934818267822266
1769703605.171588,235.45106887817383,223.82187366485596,303.5974979400635,225.83242893218994,68.14642906188965,2.0105552673339844
1769703605.183357,235.25311470031738,223.79270553588867,303.17737579345703,225.91288089752197,67.92426109313965,2.120175361633301
1769703605.21841,233.1264591217041,224.20904159545898,302.1235752105713,226.2451672554016,68.99711608886719,2.036125659942627
1769703605.248481,233.48766326904297,224.1904592514038,301.60688400268555,226.28791093826294,68.11922073364258,2.097451686859131
1769703605.268243,231.71895027160645,224.56795692443848,300.1565647125244,226.66329860687256,68.43761444091797,2.095341682434082
1769703605.284715,232.22362518310547,224.55228567123413,299.96073722839355,226.39005661010742,67.73711204528809,1.837770938873291
1769703605.337041,229.54063415527344,224.9010944366455,298.6065864562988,226.51583433151245,69.06595230102539,1.6147398948669434
1769703605.406263,227.82474517822266,225.52200078964233,297.3361873626709,226.74684047698975,69.51144218444824,1.224839687347412
1769703605.418384,227.93819427490234,225.57945013046265,297.2815704345703,226.9609022140503,69.34337615966797,1.3814520835876465
1769703605.444683,226.575927734375,225.50565719604492,295.6414222717285,226.88168048858643,69.06549453735352,1.376023292541504
1769703605.463053,226.63832664489746,225.51639318466187,295.59842109680176,226.90011978149414,68.9600944519043,1.3837265968322754
1769703605.575566,225.93528747558594,225.0836706161499,294.67050552368164,226.45907878875732,68.7352180480957,1.3754081726074219
1769703605.600385,225.8071804046631,225.0014591217041,294.9899482727051,226.43782138824463,69.18276786804199,1.4363622665405273
1769703605.639656,226.09614372253418,224.62642192840576,294.7864055633545,226.01049184799194,68.69026184082031,1.3840699195861816
1769703605.659373,226.0172939300537,224.58024501800537,294.8268508911133,226.05663299560547,68.80955696105957,1.4763879776000977
1769703605.677407,226.08927726745605,224.58454370498657,294.7950267791748,226.05677604675293,68.70574951171875,1.4722323417663574
1769703605.694705,226.09021186828613,224.58565950393677,294.7914409637451,226.05937957763672,68.70122909545898,1.4737200736999512
1769703605.712295,226.69415473937988,225.05640506744385,296.13255500793457,226.66964292526245,69.43840026855469,1.6132378578186035
1769703605.727165,226.6409969329834,225.00906944274902,296.0996913909912,226.6758155822754,69.45869445800781,1.6667461395263672
1769703605.782343,227.70514488220215,224.96790647506714,296.3338851928711,226.71775102615356,68.62874031066895,1.7498445510864258
1769703605.799554,227.97389030456543,224.96882915496826,296.4749336242676,226.7191457748413,68.50104331970215,1.7503166198730469
1769703605.873651,228.56752395629883,224.95546102523804,297.1512985229492,226.57525777816772,68.58377456665039,1.6197967529296875
1769703605.884374,228.26092720031738,224.97089624404907,297.13364601135254,226.8191957473755,68.87271881103516,1.848299503326416
1769703605.930955,229.14066314697266,224.4886565208435,297.20826148986816,226.40807390213013,68.06759834289551,1.919417381286621
1769703605.947941,229.2979335784912,224.5201563835144,297.0001220703125,226.2929391860962,67.70218849182129,1.772782802581787
1769703605.987692,229.01543617248535,224.86556768417358,297.70837783813477,226.40387535095215,68.69294166564941,1.5383076667785645
1769703606.000517,228.7444305419922,224.67607498168945,297.7801513671875,226.31200790405273,69.03572082519531,1.6359329223632812
1769703606.059204,229.44767951965332,224.44287300109863,297.94278144836426,226.75487995147705,68.49510192871094,2.312006950378418
1769703606.073752,229.44480895996094,224.7653603553772,298.02937507629395,226.7480206489563,68.58456611633301,1.9826602935791016
1769703606.105127,229.7581958770752,224.3149495124817,297.8828811645508,226.43874406814575,68.12468528747559,2.1237945556640625
1769703606.125521,229.7339916229248,224.3038272857666,297.89280891418457,226.47100925445557,68.15881729125977,2.167181968688965
1769703606.205151,230.3197479248047,224.43079948425293,298.8356113433838,226.5410614013672,68.5158634185791,2.110261917114258
1769703606.223788,230.3122615814209,224.20145988464355,298.7243175506592,226.54180526733398,68.41205596923828,2.3403453826904297
1769703606.258788,230.23170471191406,224.12090063095093,297.914457321167,226.33860111236572,67.68275260925293,2.217700481414795
1769703606.271661,230.28639793395996,224.17043924331665,298.0088996887207,226.5068006515503,67.72250175476074,2.3363614082336426
1769703606.323888,229.59598541259766,224.35587644577026,298.6892795562744,226.4436149597168,69.09329414367676,2.087738513946533
1769703606.335675,229.55781936645508,224.36089754104614,298.6413764953613,226.3780975341797,69.08355712890625,2.017199993133545
1769703606.38439,230.45247077941895,224.45850133895874,298.66040229797363,226.6174864768982,68.20793151855469,2.158985137939453
1769703606.394722,230.29425621032715,224.4993495941162,298.80910873413086,226.67791843414307,68.51485252380371,2.1785688400268555
1769703606.451795,230.07207870483398,224.4367504119873,298.2573413848877,226.17565870285034,68.18526268005371,1.738908290863037
1769703606.459344,230.08883476257324,224.42522048950195,298.0590343475342,226.1429786682129,67.97019958496094,1.7177581787109375
1769703606.509364,229.61069107055664,224.29096698760986,298.46107482910156,226.5017008781433,68.85038375854492,2.2107338905334473
1769703607.572109,239.42965507507324,224.75267887115479,307.9399299621582,228.0492067337036,68.51027488708496,3.296527862548828
1769703607.582541,239.54479217529297,224.56028938293457,307.82604217529297,228.22609663009644,68.28125,3.6658072471618652
1769703607.605428,239.24362182617188,224.04032707214355,307.4771308898926,228.17112922668457,68.2335090637207,4.130802154541016
1769703607.617756,239.21518325805664,224.07653331756592,307.5042247772217,228.09093475341797,68.28904151916504,4.014401435852051
1769703607.677234,239.2424774169922,224.74572658538818,308.10400009155273,228.23769807815552,68.86152267456055,3.491971492767334
1769703607.740474,239.1201114654541,224.6065378189087,307.8957748413086,228.61555337905884,68.77566337585449,4.0090155601501465
1769703607.759002,239.44375038146973,224.61297512054443,307.51431465148926,228.570556640625,68.07056427001953,3.9575815200805664
1769703607.805213,240.06860733032227,224.105122089386,308.7740993499756,228.24528694152832,68.70549201965332,4.140164852142334
1769703607.810598,240.03924369812012,224.16318655014038,308.3193874359131,228.22757720947266,68.28014373779297,4.064390659332275
1769703607.853664,239.7962188720703,224.75207805633545,308.45900535583496,228.61299991607666,68.66278648376465,3.860921859741211
1769703607.867685,239.8247528076172,224.61536407470703,308.79039764404297,228.50008964538574,68.96564483642578,3.884725570678711
1769703607.909211,240.1974868774414,224.71649408340454,309.95983123779297,228.55048656463623,69.76234436035156,3.8339924812316895
1769703607.971538,242.4740505218506,223.86868715286255,312.384090423584,228.16583633422852,69.9100399017334,4.297149181365967
1769703607.990174,242.5470733642578,223.78277778625488,312.31534004211426,228.2504153251648,69.76826667785645,4.467637538909912
1769703608.044273,247.63158798217773,224.4457483291626,316.18998527526855,228.07336807250977,68.55839729309082,3.627619743347168
1769703608.059936,247.9559326171875,224.36239957809448,316.2830352783203,227.980055809021,68.32710266113281,3.6176562309265137
1769703608.077479,254.89315032958984,223.59657526016235,322.8466796875,227.81578302383423,67.95352935791016,4.219207763671875
1769703608.093295,254.99029159545898,223.79311323165894,322.4430751800537,227.46188879013062,67.45278358459473,3.6687755584716797
1769703608.140556,262.9641532897949,223.03757429122925,329.9310493469238,227.40217208862305,66.9668960571289,4.364597797393799
1769703608.158823,263.05806159973145,223.00045251846313,329.96253967285156,227.205011844635,66.90447807312012,4.204559326171875
1769703608.199488,268.89123916625977,223.3615779876709,334.47513580322266,227.47042894363403,65.58389663696289,4.108850955963135
1769703608.218033,268.7133312225342,222.91766166687012,334.3985939025879,227.51023292541504,65.68526268005371,4.592571258544922
1769703608.267844,273.51165771484375,222.5598692893982,337.5505065917969,227.04741954803467,64.03884887695312,4.487550258636475
1769703608.382359,276.78969383239746,222.01778411865234,340.7809829711914,227.03750610351562,63.991289138793945,5.019721984863281
1769703608.394725,277.37226486206055,222.1772003173828,341.0013961791992,227.0702362060547,63.62913131713867,4.893035888671875
1769703608.440162,277.0174312591553,221.5957474708557,340.93095779418945,226.4261555671692,63.91352653503418,4.830408096313477
1769703608.450337,277.30896949768066,221.4000964164734,340.91896057128906,226.37831926345825,63.6099910736084,4.978222846984863
1769703608.458982,277.32845306396484,221.44076585769653,340.8430862426758,226.45779132843018,63.51463317871094,5.017025470733643
1769703608.481995,277.35172271728516,221.4206099510193,340.9617614746094,226.5035104751587,63.61003875732422,5.082900524139404
1769703608.504828,277.3015880584717,221.74302577972412,341.0659408569336,226.714289188385,63.764352798461914,4.971263408660889
1769703608.523409,277.04538345336914,221.82400703430176,341.2375068664551,226.85102462768555,64.19212341308594,5.027017593383789
1769703608.590641,277.7840042114258,220.9124207496643,341.5846824645996,226.63551807403564,63.80067825317383,5.723097324371338
1769703608.605053,277.93819427490234,220.89460372924805,341.3923454284668,226.60943269729614,63.45415115356445,5.714828968048096
1769703608.635748,278.96114349365234,218.64490270614624,342.13415145874023,224.7189474105835,63.17300796508789,6.074044704437256
1769703608.663446,278.8870906829834,218.50086450576782,341.7518997192383,224.06694173812866,62.86480903625488,5.56607723236084
1769703608.694905,279.48431968688965,214.06142234802246,342.75434494018555,219.782874584198,63.2700252532959,5.721452236175537
1769703608.774012,280.9135055541992,209.1789436340332,342.3772430419922,214.19265747070312,61.46373748779297,5.013713836669922
1769703608.786006,280.7937431335449,209.38941478729248,342.82251358032227,214.27706480026245,62.028770446777344,4.887650012969971
1769703608.823627,280.2991199493408,203.34181308746338,340.66736221313477,209.6634078025818,60.368242263793945,6.321594715118408
1769703608.845075,280.4396343231201,203.62833738327026,340.9368133544922,209.40584421157837,60.49717903137207,5.7775068283081055
1769703608.869599,278.9109802246094,202.22190141677856,339.0461730957031,208.15654277801514,60.13519287109375,5.934641361236572
1769703608.87763,279.00370597839355,201.8020749092102,339.4599723815918,208.22152376174927,60.45626640319824,6.4194488525390625
1769703608.94046,277.75837898254395,200.14113664627075,337.4583625793457,206.6256594657898,59.69998359680176,6.484522819519043
1769703608.955112,277.1296691894531,200.21673202514648,337.5704002380371,206.61453008651733,60.440731048583984,6.39779806137085
1769703609.005496,276.5027141571045,199.3486762046814,335.77537536621094,204.96869802474976,59.272661209106445,5.620021820068359
1769703609.019634,276.51339530944824,199.22479391098022,336.08070373535156,205.072181224823,59.56730842590332,5.847387313842773
1769703609.073933,274.94587898254395,199.50151920318604,334.6878242492676,205.31729221343994,59.74194526672363,5.815773010253906
1769703609.188058,273.50281715393066,199.54258918762207,333.4744453430176,205.45248985290527,59.971628189086914,5.909900665283203
1769703609.209164,273.12445640563965,199.5741891860962,333.1799602508545,205.78572750091553,60.055503845214844,6.211538314819336
1769703609.240523,272.03222274780273,200.964674949646,333.12198638916016,206.65774583816528,61.08976364135742,5.693070888519287
1769703609.253553,271.65279388427734,200.8764123916626,332.6114082336426,206.5253448486328,60.958614349365234,5.648932456970215
1769703609.271838,271.5244197845459,200.90211868286133,332.5520420074463,206.41339302062988,61.02762222290039,5.511274337768555
1769703609.291007,271.52371406555176,200.93528509140015,332.5864601135254,206.28669261932373,61.06274604797363,5.351407527923584
1769703609.310358,270.0716018676758,201.17626190185547,331.26014709472656,207.25215196609497,61.18854522705078,6.075890064239502
1769703609.323808,270.19444465637207,201.0052514076233,331.54595375061035,207.4141001701355,61.35150909423828,6.408848762512207
1769703609.371475,266.98981285095215,204.174907207489,329.02814865112305,209.0654182434082,62.0383358001709,4.8905110359191895
1769703609.390537,267.6802635192871,204.39496278762817,328.90941619873047,209.48357820510864,61.22915267944336,5.088615417480469
1769703609.419793,262.8703212738037,205.95715999603271,325.97604751586914,209.7698736190796,63.10572624206543,3.812713623046875
1769703609.435687,263.4643745422363,205.95173835754395,326.1258029937744,210.17346382141113,62.661428451538086,4.2217254638671875
1769703609.499641,257.0904350280762,206.44851207733154,322.57946014404297,210.35460233688354,65.4890251159668,3.906090259552002
1769703609.540418,252.45468139648438,206.51466608047485,319.5034694671631,209.63111400604248,67.04878807067871,3.116447925567627
1769703609.559008,252.21976280212402,206.5030574798584,319.66711044311523,209.97613906860352,67.44734764099121,3.473081588745117
1769703609.61242,250.76395988464355,206.44287586212158,317.4583053588867,209.88768339157104,66.69434547424316,3.444807529449463
1769703609.630065,250.44963836669922,206.57804489135742,317.5380516052246,209.66538906097412,67.08841323852539,3.087344169616699
1769703609.655175,248.37202072143555,207.17880964279175,314.82810974121094,210.1010227203369,66.45608901977539,2.922213077545166
1769703609.671421,248.04282188415527,207.28942394256592,315.1933479309082,210.15257120132446,67.15052604675293,2.863147258758545
1769703609.723554,247.15885162353516,207.52364873886108,313.25693130493164,209.67176914215088,66.09807968139648,2.148120403289795
1769703609.799728,246.35775566101074,207.65995502471924,313.32118034362793,210.20699501037598,66.96342468261719,2.5470399856567383
1769703609.816224,246.2682056427002,207.54135131835938,313.45855712890625,210.19591569900513,67.19035148620605,2.654564380645752
1769703609.832078,246.87724113464355,209.04205799102783,312.90536880493164,211.23146295547485,66.02812767028809,2.1894049644470215
1769703609.849643,246.64881706237793,208.80108833312988,313.35190773010254,211.37536525726318,66.70309066772461,2.574276924133301
1769703609.89063,245.74563026428223,208.86656284332275,312.5883960723877,211.1985468864441,66.84276580810547,2.331984043121338
1769703609.905126,245.6348419189453,208.6458134651184,313.4027671813965,211.46878480911255,67.76792526245117,2.8229713439941406
1769703609.961368,246.18388175964355,208.4972047805786,312.84093856811523,211.10474824905396,66.65705680847168,2.607543468475342
1769703610.035898,246.03245735168457,209.48956489562988,312.78881072998047,211.44019603729248,66.7563533782959,1.9506311416625977
1769703610.049468,245.78072547912598,209.10683870315552,312.8556251525879,211.50004863739014,67.07489967346191,2.393209934234619
1769703610.071466,246.0182762145996,208.53353261947632,312.9937934875488,211.17477893829346,66.97551727294922,2.6412463188171387
1769703610.09046,246.08327865600586,208.49626064300537,312.9467010498047,211.20253086090088,66.86342239379883,2.706270217895508
1769703610.133021,246.0075283050537,209.69053745269775,313.59575271606445,211.61413192749023,67.58822441101074,1.9235944747924805
1769703610.153438,245.86556434631348,209.6822190284729,313.41395378112793,211.37826204299927,67.54838943481445,1.6960430145263672
1769703610.199372,247.15622901916504,208.99730443954468,313.6454486846924,212.0005702972412,66.48921966552734,3.003265857696533
1769703610.21785,247.41440773010254,209.0233325958252,313.66406440734863,211.94854974746704,66.2496566772461,2.9252171516418457
1769703610.271108,247.11908340454102,208.85788679122925,314.4152069091797,211.48683071136475,67.29612350463867,2.628943920135498
1769703610.327275,247.02656745910645,209.6714687347412,314.3756294250488,212.23856449127197,67.34906196594238,2.5670957565307617
1769703610.340529,247.05656051635742,209.73642110824585,314.5008087158203,211.99990510940552,67.44424819946289,2.263484001159668
1769703610.377443,246.8942165374756,209.80202436447144,314.02819633483887,211.77659511566162,67.13397979736328,1.9745707511901855
1769703610.393013,246.6228485107422,209.64205741882324,314.4723701477051,211.81230068206787,67.84952163696289,2.170243263244629
1769703610.435934,247.03646659851074,209.40271854400635,314.6735954284668,211.48015022277832,67.63712882995605,2.0774316787719727
1769703610.455152,246.96367263793945,209.39380645751953,314.8748588562012,211.67186737060547,67.91118621826172,2.2780609130859375
1769703610.505468,246.7499828338623,209.3389892578125,314.75428581237793,212.21325159072876,68.00430297851562,2.8742623329162598
1769703610.523987,247.1095848083496,209.3674921989441,314.37339782714844,212.01380968093872,67.26381301879883,2.646317481994629
1769703610.555269,247.8236961364746,209.19975757598877,314.99114990234375,211.91317319869995,67.16745376586914,2.7134156227111816
1769703610.577482,247.80994415283203,209.28091049194336,314.8693370819092,211.86736822128296,67.05939292907715,2.5864577293395996
1769703610.62583,247.89626121520996,209.32559251785278,314.833984375,211.6462540626526,66.93772315979004,2.3206615447998047
1769703610.682391,247.10567474365234,209.3698239326477,313.8693904876709,211.85822010040283,66.76371574401855,2.488396167755127
1769703610.70061,247.14598655700684,209.3807601928711,313.94811630249023,211.91580533981323,66.8021297454834,2.5350451469421387
1769703610.744588,247.34359741210938,208.64727973937988,314.9159526824951,211.38635873794556,67.57235527038574,2.739078998565674
1769703610.759229,247.44301795959473,208.70269775390625,315.20541191101074,211.36863470077515,67.76239395141602,2.6659369468688965
1769703610.795191,246.87726020812988,208.79863500595093,314.4096374511719,211.90801620483398,67.53237724304199,3.1093811988830566
1769703610.815041,246.93790435791016,208.72636556625366,314.55079078674316,211.91226482391357,67.61288642883301,3.185899257659912
1769703610.855259,247.39751815795898,208.6688232421875,314.921817779541,211.7494511604309,67.52429962158203,3.080627918243408
1769703610.95943,247.2486400604248,208.14818143844604,314.67491149902344,211.48151636123657,67.42627143859863,3.3333349227905273
1769703610.973892,247.2600555419922,208.21462154388428,314.29330825805664,211.42122745513916,67.03325271606445,3.206605911254883
1769703611.019721,246.50331497192383,208.4794020652771,314.82266426086426,211.6628909111023,68.31934928894043,3.1834888458251953
1769703611.032579,246.4798927307129,208.41904163360596,314.86677169799805,211.54430866241455,68.38687896728516,3.1252670288085938
1769703611.073658,246.57708168029785,208.61748933792114,315.0019931793213,211.3648509979248,68.42491149902344,2.747361660003662
1769703611.090914,246.6627311706543,208.5724425315857,314.9040222167969,211.34081840515137,68.24129104614258,2.768375873565674
1769703611.113719,246.83488845825195,208.70654582977295,314.3338680267334,211.35716915130615,67.49897956848145,2.650623321533203
1769703611.187961,246.98285102844238,209.06103372573853,315.1947021484375,211.86897039413452,68.21185111999512,2.807936668395996
1769703611.199874,247.11122512817383,209.06933784484863,315.10986328125,211.91986799240112,67.99863815307617,2.8505301475524902
1769703611.237122,246.64196014404297,208.62366914749146,314.9927520751953,211.65666103363037,68.35079193115234,3.032991886138916
1769703611.249823,246.54285430908203,208.6390471458435,315.15223503112793,211.8368697166443,68.6093807220459,3.1978225708007812
1769703611.29054,247.1978759765625,208.54678630828857,314.3667984008789,211.50250911712646,67.1689224243164,2.9557228088378906
1769703611.308847,247.3697566986084,208.60557317733765,314.199275970459,211.36926412582397,66.82951927185059,2.763690948486328
1769703611.349425,246.78821563720703,208.81519317626953,314.9458122253418,211.694655418396,68.15759658813477,2.879462242126465
1769703611.361762,246.88980102539062,208.7888503074646,314.80984687805176,211.80790901184082,67.92004585266113,3.0190587043762207
1769703611.417736,246.65706634521484,208.98645401000977,313.6519718170166,211.77144527435303,66.99490547180176,2.7849912643432617
1769703611.435621,246.74798965454102,209.00410652160645,314.1991901397705,211.60892486572266,67.45120048522949,2.604818344116211
1769703611.473779,246.48962020874023,208.82572174072266,314.23484802246094,211.9840908050537,67.7452278137207,3.1583690643310547
1769703611.529825,246.5058135986328,209.2699384689331,314.06115531921387,212.0801854133606,67.55534172058105,2.8102469444274902
1769703611.544305,246.4317798614502,209.40041542053223,314.18105125427246,212.22521781921387,67.74927139282227,2.8248023986816406
1769703611.591263,245.94948768615723,209.60249662399292,314.0102291107178,212.00310945510864,68.06074142456055,2.4006128311157227
1769703611.608988,246.15893363952637,209.5029616355896,313.93898010253906,212.18230962753296,67.7800464630127,2.6793479919433594
1769703611.659295,246.14049911499023,209.56753492355347,314.1575622558594,211.98745250701904,68.01706314086914,2.419917583465576
1769703611.675647,246.2461757659912,209.5194911956787,314.70242500305176,212.00310230255127,68.45624923706055,2.4836111068725586
1769703611.704969,245.62728881835938,208.85828733444214,314.58508491516113,211.70628547668457,68.95779609680176,2.8479981422424316
1769703611.726622,245.62829971313477,208.76535415649414,314.6498489379883,211.5567398071289,69.02154922485352,2.7913856506347656
1769703611.749846,245.4191493988037,208.35577726364136,313.52182388305664,211.45516633987427,68.10267448425293,3.09938907623291
1769703611.770679,245.74817657470703,208.54416847229004,313.31506729125977,211.52130603790283,67.56689071655273,2.977137565612793
1769703611.821627,245.8985996246338,208.6763048171997,313.7282657623291,211.76186084747314,67.82966613769531,3.0855560302734375
1769703611.959251,245.41385650634766,208.9319372177124,313.3301639556885,211.57515048980713,67.91630744934082,2.6432132720947266
1769703611.986049,245.4636573791504,208.80277633666992,313.57152938842773,211.6640853881836,68.10787200927734,2.861309051513672
1769703612.028237,245.91520309448242,208.71183156967163,314.0786647796631,211.0981249809265,68.16346168518066,2.386293411254883
1769703612.040358,245.89282035827637,208.70947122573853,314.21287536621094,211.04135513305664,68.32005500793457,2.3318839073181152
1769703612.054989,245.45055389404297,208.72778177261353,314.1950511932373,211.87891244888306,68.74449729919434,3.1511306762695312
1769703612.121571,246.14505767822266,208.98545265197754,314.7055912017822,211.85241222381592,68.56053352355957,2.866959571838379
1769703612.200725,245.53102493286133,208.63853216171265,314.32729721069336,211.56309127807617,68.79627227783203,2.9245591163635254
1769703612.227188,245.56241035461426,208.5041642189026,314.7603416442871,211.53854370117188,69.19793128967285,3.034379482269287
1769703612.249643,245.6128215789795,208.92446279525757,313.93083572387695,211.93167686462402,68.31801414489746,3.007214069366455
1769703612.271405,245.3913402557373,208.9035129547119,314.276065826416,211.97380542755127,68.88472557067871,3.0702924728393555
1769703612.30919,245.96736907958984,208.8606834411621,314.2863368988037,211.4146327972412,68.31896781921387,2.5539493560791016
1769703612.328662,245.98142623901367,208.83811712265015,314.2441463470459,211.43025398254395,68.26272010803223,2.592136859893799
1769703612.385576,245.298490524292,208.4133267402649,313.8886070251465,211.52594089508057,68.59011650085449,3.112614154815674
1769703612.404943,245.36049842834473,208.44266653060913,314.0226078033447,211.74095392227173,68.662109375,3.2982873916625977
1769703612.453614,245.7534694671631,208.8604187965393,314.13811683654785,211.7451024055481,68.38464736938477,2.884683609008789
1769703612.471225,245.79240798950195,208.85878086090088,314.2150592803955,211.96130990982056,68.42265129089355,3.1025290489196777
1769703612.499846,246.33403778076172,209.0031337738037,313.84918212890625,211.19951248168945,67.51514434814453,2.196378707885742
1769703612.519575,246.21980667114258,208.8853096961975,313.6528015136719,211.24950885772705,67.4329948425293,2.364199161529541
1769703612.565122,245.46164512634277,208.8192844390869,312.97633171081543,211.81079149246216,67.51468658447266,2.991507053375244
1769703612.627678,246.07419967651367,209.11778211593628,313.86414527893066,211.8697428703308,67.78994560241699,2.7519607543945312
1769703612.644822,245.85344314575195,209.30197477340698,313.9151382446289,211.67391300201416,68.06169509887695,2.3719382286071777
1769703612.697198,245.75772285461426,208.46491813659668,315.0953769683838,212.1397590637207,69.33765411376953,3.6748409271240234
1769703612.714813,246.20862007141113,208.40798377990723,314.8624515533447,212.01627016067505,68.6538314819336,3.6082863807678223
1769703612.749868,247.14646339416504,209.50770378112793,314.37220573425293,212.0499300956726,67.22574234008789,2.5422263145446777
1769703612.76968,247.0680046081543,209.44291591644287,314.2894458770752,212.08877563476562,67.2214412689209,2.645859718322754
1769703612.82164,246.75230979919434,209.2204999923706,314.3538475036621,211.89854621887207,67.60153770446777,2.678046226501465
1769703612.840421,246.80408477783203,209.19055223464966,314.14721488952637,211.87944173812866,67.34313011169434,2.688889503479004
1769703612.885937,248.15412521362305,209.7370719909668,314.2306900024414,212.34763383865356,66.07656478881836,2.6105618476867676
1769703612.903854,247.8535556793213,209.83697891235352,314.7591972351074,212.4351954460144,66.90564155578613,2.5982165336608887
1769703612.932718,246.68421745300293,209.2411208152771,315.285587310791,212.3093819618225,68.60136985778809,3.06826114654541
1769703612.953508,246.63918495178223,209.21163082122803,315.03374099731445,212.0403528213501,68.39455604553223,2.8287220001220703
1769703612.994325,246.94212913513184,209.06619787216187,314.4863510131836,211.93703413009644,67.54422187805176,2.8708362579345703
1769703613.077451,246.3012409210205,209.38013792037964,314.7808647155762,212.55398511886597,68.47962379455566,3.173847198486328
1769703613.094728,246.32654190063477,209.41411972045898,314.4291687011719,212.73314952850342,68.10262680053711,3.3190298080444336
1769703613.115451,247.01361656188965,209.36628341674805,313.9918327331543,211.8288016319275,66.97821617126465,2.4625182151794434
1769703613.132432,246.965970993042,209.4608974456787,314.4522190093994,211.62957429885864,67.48624801635742,2.1686768531799316
1769703613.1737,246.45679473876953,209.202618598938,314.92998123168945,212.61509656906128,68.47318649291992,3.412477970123291
1769703613.194261,246.68314933776855,209.3476152420044,314.54636573791504,212.27150201797485,67.86321640014648,2.923886775970459
1769703613.32624,247.0334243774414,209.4131326675415,314.70699310302734,211.910719871521,67.67356872558594,2.497587203979492
1769703613.351564,246.99685096740723,209.4301700592041,314.5289611816406,211.676824092865,67.5321102142334,2.2466540336608887
1769703613.361317,246.31293296813965,209.20456409454346,314.0149211883545,211.75461530685425,67.70198822021484,2.550051212310791
1769703613.385931,246.2795352935791,209.24646377563477,313.8444709777832,211.81660652160645,67.5649356842041,2.5701427459716797
1769703613.399678,246.31701469421387,209.22274589538574,313.90771865844727,211.80378913879395,67.5907039642334,2.581043243408203
1769703613.422752,246.33819580078125,209.20433521270752,313.87786865234375,211.84209823608398,67.5396728515625,2.637763023376465
1769703613.458875,246.3835620880127,208.90538692474365,313.9475727081299,211.70074224472046,67.56401062011719,2.7953553199768066
1769703613.473446,246.29552841186523,208.90020847320557,313.8366985321045,211.60343170166016,67.54117012023926,2.70322322845459
1769703613.494692,246.6876220703125,208.72191667556763,313.79734992980957,211.65319204330444,67.10972785949707,2.9312753677368164
1769703613.590494,246.25429153442383,209.0047287940979,313.73927116394043,212.45839834213257,67.4849796295166,3.453669548034668
1769703613.599687,246.13503456115723,209.18344974517822,313.96244049072266,212.3241376876831,67.82740592956543,3.140687942504883
1769703613.658876,246.13593101501465,208.62112998962402,314.0345001220703,211.61579132080078,67.89856910705566,2.994661331176758
1769703613.673806,245.98187446594238,208.66084098815918,313.925838470459,211.6738200187683,67.9439640045166,3.012979030609131
1769703613.685888,245.83596229553223,208.64697217941284,313.88779640197754,211.66508674621582,68.05183410644531,3.0181145668029785
1769703613.705333,246.6018772125244,209.18806314468384,314.5319080352783,212.4574899673462,67.9300308227539,3.2694268226623535
1769703613.723716,246.4683437347412,209.32121515274048,314.86578941345215,212.35559463500977,68.39744567871094,3.034379482269287
1769703613.769352,246.24241828918457,209.45147037506104,314.40887451171875,212.1292805671692,68.16645622253418,2.6778101921081543
1769703613.785556,246.3654327392578,209.5300841331482,314.17649269104004,212.066388130188,67.81105995178223,2.536303997039795
1769703613.834317,246.09342575073242,209.15383100509644,314.31185722351074,211.74012422561646,68.21843147277832,2.5862932205200195
1769703613.869793,246.1142635345459,209.00849103927612,314.33448791503906,211.7568826675415,68.22022438049316,2.748391628265381
1769703613.930417,245.9980583190918,209.93298053741455,313.237247467041,212.64196157455444,67.23918914794922,2.7089810371398926
1769703613.991098,246.23656272888184,209.05773639678955,313.5053825378418,211.77597999572754,67.26881980895996,2.7182435989379883
1769703614.009704,246.21360778808594,209.12747383117676,313.5247611999512,211.73297882080078,67.31115341186523,2.6055049896240234
1769703614.023996,246.17939949035645,209.09241199493408,313.5999298095703,211.72414541244507,67.42053031921387,2.6317334175109863
1769703614.059135,246.13065719604492,209.53903198242188,314.05649185180664,212.241632938385,67.92583465576172,2.7026009559631348
1769703614.08228,246.1664867401123,209.56520318984985,314.168119430542,212.25844860076904,68.00163269042969,2.6932454109191895
1769703614.109154,246.14863395690918,209.76128339767456,313.720178604126,212.6960563659668,67.5715446472168,2.9347729682922363
1769703614.127331,246.13934516906738,209.72813844680786,313.92473220825195,212.77705192565918,67.78538703918457,3.0489134788513184
1769703614.182521,246.25372886657715,209.0438675880432,314.0457248687744,211.96324825286865,67.79199600219727,2.9193806648254395
1769703614.194877,246.3796043395996,209.18093919754028,313.9329719543457,211.8903636932373,67.5533676147461,2.7094244956970215
1769703614.244219,246.45402908325195,209.65953826904297,314.27988052368164,212.4804425239563,67.82585144042969,2.82090425491333
1769703614.259166,246.533203125,209.634690284729,313.8600540161133,212.44537353515625,67.32685089111328,2.810683250427246
1769703614.32762,246.44342422485352,208.9914107322693,313.18836212158203,212.25987911224365,66.74493789672852,3.2684683799743652
1769703614.386498,246.56739234924316,209.1076111793518,313.18992614746094,211.9676971435547,66.62253379821777,2.860085964202881
1769703614.409249,246.40274047851562,209.05910968780518,313.39354515075684,211.85800552368164,66.99080467224121,2.798895835876465
1769703614.427387,246.40664100646973,209.06776428222656,313.42955589294434,211.76337718963623,67.02291488647461,2.695612907409668
1769703614.455014,245.95664024353027,209.50828313827515,313.17782402038574,212.19807386398315,67.22118377685547,2.689790725708008
1769703614.471337,245.9840488433838,209.5028829574585,312.9912853240967,212.16721773147583,67.00723648071289,2.664334774017334
1769703614.510952,246.13871574401855,209.40542221069336,313.35018157958984,211.99721574783325,67.21146583557129,2.5917935371398926
1769703614.523445,246.175537109375,209.57186937332153,313.38974952697754,212.06544399261475,67.21421241760254,2.493574619293213
1769703614.580055,246.07243537902832,209.5842432975769,314.2384147644043,211.7591142654419,68.16597938537598,2.1748709678649902
1769703614.594785,245.9629249572754,209.587562084198,314.4525718688965,211.72748565673828,68.4896469116211,2.139923572540283
1769703614.646566,246.19364738464355,209.2508053779602,314.5401668548584,212.05840587615967,68.34651947021484,2.807600498199463
1769703614.664775,246.53573036193848,209.40738201141357,313.94657135009766,212.03301429748535,67.41084098815918,2.6256322860717773
1769703614.719392,245.86682319641113,208.71545791625977,313.2497501373291,212.2233009338379,67.38292694091797,3.507843017578125
1769703614.782298,246.1379337310791,209.67360019683838,314.131555557251,212.15668201446533,67.99362182617188,2.483081817626953
1769703614.794267,245.87541580200195,209.5744800567627,314.3648910522461,212.22863674163818,68.48947525024414,2.6541566848754883
1769703614.80889,245.9071922302246,209.58635330200195,314.37286376953125,212.23079681396484,68.46567153930664,2.6444435119628906
1769703614.840466,245.86597442626953,208.75330209732056,314.08238410949707,211.97417736053467,68.21640968322754,3.2208752632141113
1769703614.859114,245.85041046142578,208.92062187194824,313.13602447509766,212.00274467468262,67.28561401367188,3.082122802734375
1769703614.969748,246.13473892211914,209.21274662017822,314.00315284729004,212.46465682983398,67.8684139251709,3.2519102096557617
1769703614.988495,246.10523223876953,209.3060803413391,314.01941299438477,212.41169929504395,67.91418075561523,3.105618953704834
1769703615.035802,246.00855827331543,209.41178798675537,313.3788013458252,211.93513870239258,67.37024307250977,2.523350715637207
1769703615.053594,246.0193634033203,209.40629482269287,313.60095977783203,211.92322254180908,67.58159637451172,2.516927719116211
1769703615.069565,246.0044002532959,209.42378997802734,313.4752082824707,211.91195726394653,67.4708080291748,2.4881672859191895
1769703615.085992,246.0231876373291,209.41582202911377,313.54390144348145,211.90472602844238,67.52071380615234,2.4889039993286133
1769703615.103674,246.22822761535645,209.20971393585205,313.765230178833,212.07521438598633,67.53700256347656,2.8655004501342773
1769703615.158926,245.8436679840088,208.9426589012146,313.6039352416992,212.13115453720093,67.76026725769043,3.188495635986328
1769703615.177556,245.79203605651855,208.8511061668396,313.51630210876465,212.12533235549927,67.7242660522461,3.274226188659668
1769703615.218287,246.23860359191895,210.24099826812744,313.9639186859131,212.2001838684082,67.72531509399414,1.9591856002807617
1769703615.235586,245.73378562927246,210.13413906097412,313.77659797668457,211.9684910774231,68.04281234741211,1.8343520164489746
1769703615.287631,245.52438735961914,209.1028904914856,314.32138442993164,212.0618176460266,68.7969970703125,2.9589271545410156
1769703615.301802,245.8837890625,209.07676935195923,313.8870429992676,212.1107268333435,68.00325393676758,3.0339574813842773
1769703615.345996,246.01263046264648,209.07286405563354,313.7238597869873,212.0477056503296,67.71122932434082,2.974841594696045
1769703615.359028,246.0750961303711,209.27230596542358,313.9508247375488,212.12905883789062,67.87572860717773,2.856752872467041
1769703615.398292,246.46085739135742,209.5179319381714,314.27056312561035,212.42129802703857,67.80970573425293,2.9033660888671875
1769703615.455448,246.78991317749023,209.10963535308838,314.1000747680664,211.8585205078125,67.31016159057617,2.748885154724121
1769703615.486746,246.7955207824707,208.98637533187866,314.28138732910156,211.86547994613647,67.48586654663086,2.8791046142578125
1769703615.532162,246.28557205200195,208.8805603981018,313.46113204956055,211.96089506149292,67.1755599975586,3.0803346633911133
1769703615.559262,246.37478828430176,208.82724523544312,314.093074798584,211.92530393600464,67.71828651428223,3.0980587005615234
1769703615.585627,246.29899978637695,209.47134733200073,313.1625461578369,212.60293006896973,66.86354637145996,3.131582736968994
1769703615.599701,246.31227493286133,209.50150966644287,313.0946159362793,212.44387865066528,66.78234100341797,2.942368984222412
1769703615.655162,246.25616073608398,208.99664640426636,314.0259552001953,212.08534955978394,67.76979446411133,3.088703155517578
1769703615.694586,246.30197525024414,209.3320369720459,313.3979797363281,212.0906925201416,67.09600448608398,2.758655548095703
1769703615.712187,246.32285118103027,209.12813186645508,313.78631591796875,212.0097255706787,67.46346473693848,2.881593704223633
1769703615.77381,246.0466480255127,209.8447823524475,313.5432434082031,212.18140125274658,67.49659538269043,2.3366189002990723
1769703615.792955,246.15516662597656,209.7177243232727,313.3189582824707,212.45481491088867,67.16379165649414,2.737090587615967
1769703615.823965,245.5675506591797,209.24623489379883,313.1565475463867,211.85880661010742,67.58899688720703,2.6125717163085938
1769703615.835856,245.5449104309082,209.22278881072998,313.18909645080566,211.84772729873657,67.64418601989746,2.624938488006592
1769703615.878889,245.85472106933594,209.25164937973022,313.7265682220459,212.26343393325806,67.87184715270996,3.011784553527832
1769703615.927268,246.00774765014648,209.79269742965698,313.57224464416504,212.17582941055298,67.56449699401855,2.383131980895996
1769703615.963659,245.76105117797852,209.88353490829468,313.4303951263428,212.45836973190308,67.66934394836426,2.5748348236083984
1769703615.990472,245.8948802947998,209.1709041595459,314.3974208831787,212.16111660003662,68.5025405883789,2.9902124404907227
1769703616.00884,245.8781337738037,208.80166053771973,314.08244132995605,212.1313762664795,68.20430755615234,3.3297157287597656
1769703616.10498,246.1165428161621,209.4669771194458,313.5923194885254,211.9683837890625,67.47577667236328,2.501406669616699
1769703616.123545,246.10197067260742,209.3863821029663,313.69434356689453,211.95340633392334,67.59237289428711,2.5670242309570312
1769703616.173882,245.7748317718506,209.52285289764404,314.06579971313477,212.38562107086182,68.29096794128418,2.8627681732177734
1769703616.185997,245.5027675628662,209.55164194107056,314.20650482177734,212.39142179489136,68.70373725891113,2.839779853820801
1769703616.232406,245.52324295043945,209.59543704986572,314.2623233795166,212.31173515319824,68.73908042907715,2.7162981033325195
1769703616.242698,245.52083015441895,209.64160680770874,314.24678802490234,212.32964515686035,68.7259578704834,2.6880383491516113
1769703616.255113,245.55596351623535,210.05120515823364,313.94182205200195,212.60546207427979,68.3858585357666,2.5542569160461426
1769703616.273837,245.540189743042,210.11884689331055,313.848876953125,212.60554790496826,68.30868721008301,2.486701011657715
1769703616.294586,245.55938720703125,209.46454524993896,313.4394645690918,212.25560188293457,67.88007736206055,2.7910566329956055
1769703616.359278,245.3404426574707,209.94186401367188,313.0971622467041,212.5736904144287,67.7567195892334,2.631826400756836
1769703616.384721,245.17114639282227,209.9397611618042,312.49720573425293,212.81194925308228,67.32605934143066,2.872188091278076
1769703616.409223,245.59998512268066,210.32171487808228,313.6534309387207,213.13859939575195,68.05344581604004,2.8168845176696777
1769703616.427522,245.6240463256836,210.51843166351318,313.39988708496094,213.2119846343994,67.77584075927734,2.6935529708862305
1769703616.473684,245.18733024597168,210.601544380188,312.78425216674805,213.5560655593872,67.59692192077637,2.9545211791992188
1769703616.490486,245.15646934509277,210.6282663345337,312.831449508667,213.60610485076904,67.67498016357422,2.9778385162353516
1769703616.549752,245.27698516845703,213.14821243286133,312.97719955444336,215.49219131469727,67.70021438598633,2.3439788818359375
1769703616.559328,244.9648380279541,213.14814805984497,313.2178211212158,216.11334085464478,68.25298309326172,2.9651927947998047
1769703616.605754,245.41306495666504,215.186448097229,313.05347442626953,217.85764932632446,67.64040946960449,2.671201229095459
1769703616.62751,245.41326522827148,215.02437829971313,313.13876152038574,218.1168508529663,67.72549629211426,3.092472553253174
1769703616.673809,245.20593643188477,218.46399307250977,313.08810234069824,221.10828638076782,67.88216590881348,2.6442933082580566
1769703616.744841,245.10380744934082,222.85174369812012,312.9779815673828,225.15641927719116,67.87417411804199,2.304675579071045
1769703616.759313,245.05084037780762,222.397563457489,312.8105068206787,224.68437910079956,67.7596664428711,2.286815643310547
1769703616.805278,244.3738842010498,226.04965209960938,312.95395851135254,229.15135860443115,68.58007431030273,3.1017065048217773
1769703616.823624,243.89793395996094,225.94009637832642,313.22336196899414,228.8557505607605,69.3254280090332,2.915654182434082
1769703616.871602,244.45303916931152,230.62487840652466,313.31214904785156,233.26499462127686,68.85910987854004,2.6401162147521973
1769703616.885786,243.4878158569336,230.3539752960205,313.5414505004883,233.4293246269226,70.05363464355469,3.0753493309020996
1769703616.923879,243.67538452148438,235.77348232269287,314.4493007659912,239.30532932281494,70.77391624450684,3.5318470001220703
1769703616.935629,243.83585929870605,236.02778434753418,314.16513442993164,239.57345724105835,70.32927513122559,3.54567289352417
1769703616.965209,243.47654342651367,240.8698296546936,315.1738929748535,244.5439910888672,71.69734954833984,3.674161434173584
1769703616.982206,243.88117790222168,240.93785762786865,314.79326248168945,244.5155668258667,70.91208457946777,3.577709197998047
1769703617.117711,242.6501750946045,251.4509153366089,316.0774898529053,255.57499408721924,73.42731475830078,4.124078750610352
1769703617.131906,242.96067237854004,251.6251802444458,315.7307720184326,255.31328201293945,72.77009963989258,3.6881017684936523
1769703617.158779,242.59469985961914,255.2627992630005,316.7551040649414,259.66545581817627,74.16040420532227,4.402656555175781
1769703617.182162,242.7743434906006,255.28740406036377,317.0333194732666,259.91580963134766,74.25897598266602,4.628405570983887
1769703617.197102,242.8978443145752,255.7020092010498,316.9624710083008,259.90057468414307,74.06462669372559,4.198565483093262
1769703617.211041,241.2942123413086,260.1149797439575,317.0249271392822,264.73098278045654,75.73071479797363,4.616003036499023
1769703617.227395,242.08355903625488,260.36383152008057,317.16843605041504,264.7195529937744,75.08487701416016,4.355721473693848
1769703617.271318,241.91547393798828,263.7259769439697,317.9054260253906,267.9071044921875,75.98995208740234,4.181127548217773
1769703617.290222,241.94096565246582,263.5474634170532,317.73372650146484,268.16315174102783,75.79276084899902,4.615688323974609
1769703617.337041,240.76590538024902,267.12846279144287,317.9468536376953,271.48465633392334,77.18094825744629,4.356193542480469
1769703617.353729,241.2851905822754,267.28440284729004,317.5695610046387,272.0447587966919,76.28437042236328,4.7603559494018555
1769703617.394419,240.98410606384277,269.12182331085205,317.34683990478516,274.1524028778076,76.36273384094238,5.030579566955566
1769703617.411209,241.36404037475586,269.0205717086792,317.7904987335205,274.2836809158325,76.42645835876465,5.26310920715332
1769703617.449698,239.90150451660156,270.03486156463623,317.82854080200195,275.51043033599854,77.92703628540039,5.475568771362305
1769703617.50876,239.5244312286377,270.8934545516968,317.3371696472168,276.46140575408936,77.8127384185791,5.567951202392578
1769703617.530016,239.9604892730713,271.16689682006836,317.84594535827637,276.17116928100586,77.88545608520508,5.0042724609375
1769703617.573821,239.80682373046875,271.14415168762207,317.4696350097656,277.1203422546387,77.66281127929688,5.976190567016602
1769703617.596654,239.90174293518066,271.4907503128052,317.6592445373535,277.0181465148926,77.75750160217285,5.527396202087402
1769703617.621602,240.82054138183594,271.3710594177246,318.1328010559082,276.79959297180176,77.31225967407227,5.428533554077148
1769703617.640265,240.70725440979004,271.3592863082886,318.13902854919434,276.34307384490967,77.4317741394043,4.983787536621094
1769703617.687875,240.11110305786133,272.13465213775635,317.05810546875,276.7168092727661,76.94700241088867,4.582157135009766
1769703617.705349,240.0074863433838,272.0099973678589,317.3745059967041,276.96897983551025,77.36701965332031,4.958982467651367
1769703617.749429,239.51812744140625,271.24420166015625,317.38368034362793,276.01136684417725,77.86555290222168,4.767165184020996
1769703617.827564,237.61338233947754,268.7525939941406,315.90806007385254,273.68605613708496,78.294677734375,4.933462142944336
1769703617.840118,238.13421249389648,268.824462890625,315.9254741668701,273.7147521972656,77.79126167297363,4.890289306640625
1769703617.859133,236.4772605895996,266.95491313934326,313.804988861084,271.40639305114746,77.32772827148438,4.451479911804199
1769703617.879622,236.59741401672363,266.82382106781006,314.1307258605957,271.4161491394043,77.53331184387207,4.592328071594238
1769703617.927451,233.66741180419922,264.9193239212036,310.7776069641113,268.7610626220703,77.11019515991211,3.841738700866699
1769703618.000927,232.40792274475098,263.12983989715576,308.6841869354248,266.23918533325195,76.27626419067383,3.1093454360961914
1769703618.020564,232.27900505065918,262.9605531692505,308.6712074279785,266.65889739990234,76.39220237731934,3.6983442306518555
1769703618.058775,230.56077003479004,262.5117301940918,305.7884979248047,265.28306007385254,75.22772789001465,2.771329879760742
1769703618.077392,230.68562507629395,262.147479057312,306.0658931732178,265.4424476623535,75.38026809692383,3.294968605041504
1769703618.099705,229.41831588745117,260.7758331298828,303.50963592529297,263.78218173980713,74.0913200378418,3.0063486099243164
1769703618.121529,229.09640312194824,261.18863582611084,303.1886863708496,263.8546943664551,74.09228324890137,2.6660585403442383
1769703618.173833,225.87787628173828,260.27885913848877,300.34400939941406,262.6865243911743,74.46613311767578,2.407665252685547
1769703618.194138,226.50606155395508,260.7257080078125,300.52953720092773,262.69177436828613,74.02347564697266,1.9660663604736328
1769703618.232663,221.98552131652832,259.5283842086792,295.9114742279053,261.8473291397095,73.92595291137695,2.3189449310302734
1769703618.250665,221.7588233947754,259.4535827636719,295.8648204803467,261.66619777679443,74.10599708557129,2.2126150131225586
1769703618.294393,214.41189765930176,258.7955331802368,288.4930992126465,260.98933696746826,74.08120155334473,2.1938037872314453
1769703618.349729,208.57675552368164,256.38749599456787,280.63676834106445,260.4557991027832,72.06001281738281,4.068303108215332
1769703618.368044,209.00599479675293,256.2502098083496,280.93469619750977,260.6942653656006,71.92870140075684,4.444055557250977
1769703618.40921,201.63572311401367,253.05496215820312,271.3030815124512,259.2916488647461,69.6673583984375,6.236686706542969
1769703618.430388,201.95116996765137,253.21507930755615,271.1930179595947,258.9455509185791,69.24184799194336,5.730471611022949
1769703618.471908,196.687650680542,252.45314598083496,264.1409492492676,257.49496936798096,67.45329856872559,5.041823387145996
1769703618.490556,196.3712501525879,251.41819953918457,264.7188186645508,257.9057836532593,68.34756851196289,6.487584114074707
1769703618.541771,192.4134349822998,249.73899364471436,258.55607986450195,255.88085174560547,66.14264488220215,6.141858100891113
1769703618.555362,192.66273498535156,249.54205513000488,258.5996627807617,255.99434852600098,65.93692779541016,6.452293395996094
1769703618.582581,189.78711128234863,248.7264633178711,254.08297538757324,254.61316108703613,64.29586410522461,5.886697769165039
1769703618.600737,189.92609024047852,248.27241897583008,254.51492309570312,254.19203281402588,64.58883285522461,5.919613838195801
1769703618.655276,186.5453338623047,245.4712200164795,251.57459259033203,252.45273113250732,65.02925872802734,6.981511116027832
1769703618.717917,184.76194381713867,245.73407649993896,249.16439056396484,250.7554006576538,64.40244674682617,5.021324157714844
1769703618.729941,184.59389686584473,245.65548419952393,249.0680694580078,250.68303108215332,64.47417259216309,5.0275468826293945
1769703618.777136,184.94263648986816,245.16218662261963,247.03065872192383,249.56969261169434,62.088022232055664,4.407505989074707
1769703618.796602,185.0437831878662,245.587420463562,247.10371017456055,249.25286293029785,62.059926986694336,3.66544246673584
1769703618.823665,183.91504287719727,243.65286827087402,246.48189544677734,248.1523561477661,62.56685256958008,4.49948787689209
1769703618.844055,183.3244228363037,243.62411499023438,246.82043075561523,248.2974100112915,63.49600791931152,4.673295021057129
1769703618.890455,183.57089042663574,242.56346225738525,245.62862396240234,246.52686595916748,62.0577335357666,3.9634037017822266
1769703618.955168,182.2572135925293,243.1201171875,245.3762722015381,246.11563682556152,63.11905860900879,2.9955196380615234
1769703618.971256,183.39359283447266,242.8412961959839,245.50880432128906,245.5448055267334,62.115211486816406,2.7035093307495117
1769703619.019443,182.86381721496582,242.7429485321045,245.76960563659668,244.65497016906738,62.90578842163086,1.9120216369628906
1769703619.030057,182.9322338104248,242.71331548690796,245.84473609924316,244.72782611846924,62.91250228881836,2.0145106315612793
1769703619.082358,183.75792503356934,241.1397385597229,245.61561584472656,244.00332927703857,61.85769081115723,2.863590717315674
1769703619.094721,184.04521942138672,241.1575412750244,245.56780815124512,243.92337799072266,61.5225887298584,2.765836715698242
1769703619.151681,182.79385566711426,242.00695037841797,245.32718658447266,244.0631103515625,62.5333309173584,2.0561599731445312
1769703619.190164,182.9066562652588,241.79052114486694,246.45394325256348,243.7024211883545,63.54728698730469,1.9119000434875488
1769703619.211446,183.12349319458008,241.82235717773438,246.2956714630127,243.98682117462158,63.17217826843262,2.164463996887207
1769703619.254936,184.4688606262207,240.23175716400146,247.73370742797852,243.23641777038574,63.26484680175781,3.0046606063842773
1769703619.273453,184.62231636047363,240.28267621994019,247.84724235534668,243.10608386993408,63.22492599487305,2.8234076499938965
1769703619.299688,186.78287506103516,239.48899269104004,250.24972915649414,242.59928226470947,63.466854095458984,3.1102895736694336
1769703619.310026,187.04073905944824,240.07234811782837,250.50159454345703,242.49956130981445,63.46085548400879,2.427213191986084
1769703619.37045,191.70849800109863,238.08658361434937,256.62622451782227,241.3484787940979,64.91772651672363,3.261895179748535
1769703619.387758,191.1580753326416,238.0615782737732,256.6465950012207,241.27543687820435,65.4885196685791,3.2138586044311523
1769703619.429906,198.28572273254395,239.3733787536621,265.69851875305176,241.31110668182373,67.41279602050781,1.937727928161621
1769703619.449658,198.71243476867676,239.72338199615479,265.742883682251,241.2280297279358,67.03044891357422,1.5046477317810059
1769703619.502144,208.5891342163086,244.31625366210938,280.2115249633789,243.48734378814697,71.62239074707031,-0.8289098739624023
1769703619.549495,217.53008842468262,242.44046688079834,291.6118907928467,241.07696056365967,74.08180236816406,-1.3635063171386719
1769703619.567795,217.89565086364746,241.98645114898682,292.1092891693115,241.02149963378906,74.21363830566406,-0.9649515151977539
1769703619.609222,224.05597686767578,238.30621719360352,299.2327117919922,235.90880155563354,75.1767349243164,-2.3974156379699707
1769703619.627373,224.63172912597656,237.9983425140381,298.87216567993164,236.05889081954956,74.24043655395508,-1.9394516944885254
1769703619.673943,233.65472793579102,232.68927812576294,305.84874153137207,232.7700662612915,72.19401359558105,0.08078813552856445
1769703619.694077,233.34723472595215,232.25072622299194,305.4848861694336,232.0428442955017,72.13765144348145,-0.20788192749023438
1769703619.737811,237.35346794128418,231.63557052612305,309.5621967315674,231.41855478286743,72.2087287902832,-0.21701574325561523
1769703619.757487,237.30769157409668,231.3640809059143,308.57189178466797,231.37030363082886,71.26420021057129,0.006222724914550781
1769703619.782266,239.69670295715332,229.48506116867065,311.01322174072266,229.71646785736084,71.31651878356934,0.23140668869018555
1769703619.799521,239.700288772583,229.25680875778198,310.4838562011719,229.40026760101318,70.78356742858887,0.14345884323120117
1769703619.854884,241.01866722106934,228.5469102859497,311.83549880981445,229.57986116409302,70.81683158874512,1.0329508781433105
1769703619.919865,240.90747833251953,227.98938989639282,311.9198417663574,229.09146308898926,71.01236343383789,1.1020731925964355
1769703619.932704,240.85691452026367,227.98739433288574,311.98676109313965,228.91029596328735,71.12984657287598,0.9229016304016113
1769703619.973794,240.21263122558594,227.2462034225464,311.3467502593994,228.32031726837158,71.13411903381348,1.0741138458251953
1769703619.993792,240.05990028381348,227.25404977798462,311.2821674346924,228.27831029891968,71.2222671508789,1.0242605209350586
1769703620.021635,239.56570625305176,227.32501029968262,310.6906986236572,228.87187957763672,71.12499237060547,1.5468692779541016
1769703620.035782,239.5617961883545,227.3646068572998,310.66685676574707,228.71453762054443,71.10506057739258,1.349930763244629
1769703620.090492,236.8313694000244,227.81590461730957,309.73238945007324,228.36018562316895,72.90102005004883,0.544281005859375
1769703620.164077,236.99870109558105,227.5104260444641,308.54119300842285,227.64286994934082,71.5424919128418,0.13244390487670898
1769703620.177437,237.03807830810547,227.5714659690857,308.15022468566895,227.74803400039673,71.11214637756348,0.17656803131103516
1769703620.209333,237.0181369781494,227.6396083831787,308.37902069091797,228.1486988067627,71.36088371276855,0.5090904235839844
1769703620.2273,237.45173454284668,227.64724731445312,307.9266929626465,228.01546812057495,70.4749584197998,0.36822080612182617
1769703620.262147,236.5732192993164,227.84274101257324,308.170804977417,228.17214488983154,71.59758567810059,0.3294038772583008
1769703620.2735,236.45182609558105,228.2025933265686,308.59917640686035,228.33433628082275,72.1473503112793,0.1317429542541504
1769703620.344847,236.19372367858887,228.27343940734863,308.27649116516113,227.97238111495972,72.08276748657227,-0.301058292388916
1769703620.393867,236.02909088134766,228.42944383621216,308.2714557647705,228.74824047088623,72.24236488342285,0.31879663467407227
1769703620.40886,235.93860626220703,228.49493265151978,308.25693130493164,228.7010622024536,72.31832504272461,0.2061295509338379
1769703620.462687,235.87162017822266,228.4379267692566,307.9369258880615,228.67371082305908,72.06530570983887,0.23578405380249023
1769703620.47731,236.2841796875,228.41171979904175,307.81813621520996,228.6404800415039,71.53395652770996,0.2287602424621582
1769703620.499746,236.90061569213867,228.49119186401367,308.03460121154785,228.90685558319092,71.13398551940918,0.4156637191772461
1769703620.519331,236.7466640472412,228.47700834274292,307.9679012298584,228.90795707702637,71.22123718261719,0.43094873428344727
1769703620.561336,235.9377670288086,228.86831045150757,308.41382026672363,228.61512422561646,72.47605323791504,-0.2531862258911133
1769703620.58587,235.7572841644287,228.83611679077148,308.50544929504395,228.53174686431885,72.74816513061523,-0.3043699264526367
1769703620.629917,236.18014335632324,229.75683689117432,308.05707931518555,230.3151512145996,71.8769359588623,0.558314323425293
1769703620.650474,236.2986660003662,229.5594835281372,307.97311782836914,230.19336462020874,71.67445182800293,0.6338810920715332
1769703620.694835,236.07108116149902,229.53198909759521,308.23490142822266,229.88211393356323,72.16382026672363,0.3501248359680176
1769703620.749719,235.37432670593262,229.79507446289062,307.6598262786865,230.16333103179932,72.2854995727539,0.3682565689086914
1769703620.767841,235.30990600585938,229.9282193183899,307.727108001709,230.1159381866455,72.41720199584961,0.18771886825561523
1769703620.808741,235.43320655822754,229.86478328704834,307.3854923248291,229.7385334968567,71.95228576660156,-0.1262497901916504
1769703620.823701,235.63098907470703,229.68003273010254,307.3160171508789,229.8938512802124,71.68502807617188,0.21381855010986328
1769703620.87156,235.0400161743164,228.84879112243652,307.39294052124023,230.07726430892944,72.35292434692383,1.22847318649292
1769703620.890211,235.14358520507812,229.10789966583252,307.3072814941406,229.90264892578125,72.1636962890625,0.7947492599487305
1769703620.941117,234.91777420043945,229.70791339874268,307.4390983581543,230.15915393829346,72.52132415771484,0.45124053955078125
1769703620.958922,234.8751163482666,229.71166133880615,307.56860733032227,230.22993564605713,72.69349098205566,0.5182743072509766
1769703620.985877,234.1476535797119,229.70867156982422,306.27376556396484,229.62201118469238,72.12611198425293,-0.08666038513183594
1769703620.99975,234.05641555786133,229.69003200531006,306.3562488555908,229.6566653251648,72.29983329772949,-0.03336668014526367
1769703621.05541,233.336820602417,229.4112753868103,305.1622200012207,229.73618745803833,71.82539939880371,0.32491207122802734
1769703621.109118,233.1647777557373,229.59708452224731,303.35700035095215,229.39026832580566,70.19222259521484,-0.2068161964416504
1769703621.14049,232.94182777404785,229.58128452301025,303.2754325866699,229.3373465538025,70.33360481262207,-0.24393796920776367
1769703621.17367,232.59525299072266,229.66187238693237,303.0763244628906,228.765070438385,70.48107147216797,-0.8968019485473633
1769703621.194878,232.54301071166992,229.65645790100098,303.5552978515625,229.0563154220581,71.01228713989258,-0.6001424789428711
1769703621.221624,231.92163467407227,229.20076847076416,303.3694553375244,228.59127759933472,71.44782066345215,-0.6094908714294434
1769703621.240382,231.95917129516602,228.95750284194946,303.3524227142334,228.48746538162231,71.39325141906738,-0.47003746032714844
1769703621.285671,231.42168045043945,228.90096187591553,302.7731513977051,228.26984167099,71.35147094726562,-0.6311202049255371
1769703621.375397,231.34088516235352,229.09494638442993,303.0508804321289,228.32436561584473,71.70999526977539,-0.7705807685852051
1769703621.386011,231.30098342895508,229.05259609222412,302.6774787902832,228.1870722770691,71.37649536132812,-0.8655238151550293
1769703621.416359,231.59783363342285,228.30875158309937,302.66366958618164,227.8450870513916,71.06583595275879,-0.46366453170776367
1769703621.436831,231.51029586791992,228.44687461853027,302.75012969970703,227.9888892173767,71.23983383178711,-0.45798540115356445
1769703621.458995,231.7323398590088,228.70099782943726,302.55589485168457,227.97760248184204,70.82355499267578,-0.7233953475952148
1769703621.48221,231.66269302368164,228.945050239563,302.49427795410156,227.81654834747314,70.83158493041992,-1.1285018920898438
1769703621.532637,232.24401473999023,228.4201955795288,303.60825538635254,228.21740627288818,71.3642406463623,-0.202789306640625
1769703621.605439,232.39508628845215,228.53317737579346,305.3472328186035,228.82022380828857,72.95214653015137,0.2870464324951172
1769703621.621582,232.68237113952637,228.5839319229126,304.6238422393799,228.52633953094482,71.94147109985352,-0.05759239196777344
1769703621.659298,232.673978805542,228.30373764038086,305.22974967956543,228.87505531311035,72.55577087402344,0.5713176727294922
1769703621.679964,232.72100448608398,228.40209245681763,305.0958061218262,228.79734992980957,72.37480163574219,0.39525747299194336
1769703621.703605,233.48567962646484,228.71115446090698,305.0707530975342,228.16942691802979,71.58507347106934,-0.5417275428771973
1769703621.721148,233.66388320922852,228.85346174240112,304.4416904449463,227.96236753463745,70.77780723571777,-0.8910942077636719
1769703621.768723,233.2748031616211,228.8770866394043,304.7473430633545,228.6647629737854,71.4725399017334,-0.21232366561889648
1769703621.785765,233.1741714477539,228.81573915481567,305.3812599182129,228.9525318145752,72.20708847045898,0.13679265975952148
1769703621.829942,233.47684860229492,228.36599349975586,305.65009117126465,228.75341176986694,72.17324256896973,0.387418270111084
1769703621.849739,233.47046852111816,228.41846466064453,305.36646842956543,228.72628927230835,71.89599990844727,0.30782461166381836
1769703621.894908,233.08005332946777,228.89636278152466,305.9862232208252,228.84390592575073,72.90616989135742,-0.05245685577392578
1769703621.95487,233.4369659423828,228.39927434921265,305.6100559234619,228.62927198410034,72.1730899810791,0.2299976348876953
1769703621.970491,233.34035873413086,228.43055963516235,305.76086044311523,228.82091760635376,72.42050170898438,0.39035797119140625
1769703622.014777,233.57839584350586,228.02631855010986,305.8950138092041,228.2855987548828,72.31661796569824,0.2592802047729492
1769703622.032572,233.6475372314453,227.8966212272644,305.83852767944336,228.26905488967896,72.19099044799805,0.3724336624145508
1769703622.071586,233.94503593444824,228.20139169692993,306.2475299835205,229.04632329940796,72.30249404907227,0.8449316024780273
1769703622.090531,233.8587760925293,228.23339939117432,305.61412811279297,228.7584686279297,71.75535202026367,0.5250692367553711
1769703622.13581,233.56966018676758,228.38436126708984,305.4685115814209,228.61831426620483,71.89885139465332,0.23395299911499023
1769703622.158988,233.51765632629395,228.4935450553894,305.96768379211426,228.87136459350586,72.45002746582031,0.3778195381164551
1769703622.182741,233.68597984313965,227.86636590957642,305.8876419067383,228.668475151062,72.20166206359863,0.8021092414855957
1769703622.201852,233.49361419677734,227.78625011444092,305.66606521606445,228.4678816795349,72.17245101928711,0.6816315650939941
1769703622.259002,233.4984302520752,228.34502935409546,306.142578125,228.4138298034668,72.6441478729248,0.06880044937133789
1769703622.327122,233.88458251953125,228.20425987243652,305.3692150115967,228.588387966156,71.48463249206543,0.3841280937194824
1769703622.344843,233.7554931640625,228.32874298095703,305.8197212219238,228.60790729522705,72.06422805786133,0.27916431427001953
1769703622.394346,233.76737594604492,227.58848190307617,305.74793815612793,227.96481370925903,71.98056221008301,0.37633180618286133
1769703622.409155,233.67101669311523,227.50129222869873,305.7264041900635,227.9753565788269,72.05538749694824,0.47406435012817383
1769703622.43577,233.71889114379883,227.63168334960938,305.45270919799805,228.0151391029358,71.73381805419922,0.383455753326416
1769703622.455278,233.83365631103516,227.89958953857422,305.63745498657227,228.18579196929932,71.80379867553711,0.28620243072509766
1769703622.50527,234.0626335144043,227.92189836502075,305.4694366455078,228.2483983039856,71.40680313110352,0.32649993896484375
1769703622.573957,233.7128734588623,227.49318838119507,305.6943893432617,227.72290706634521,71.98151588439941,0.22971868515014648
1769703622.590542,233.6959934234619,227.51174211502075,304.9059009552002,227.43139743804932,71.20990753173828,-0.08034467697143555
1769703622.632324,233.62720489501953,227.59819507598877,304.9216365814209,227.33585357666016,71.29443168640137,-0.2623414993286133
1769703622.653848,233.6853313446045,227.59681463241577,304.8283863067627,227.28962659835815,71.1430549621582,-0.3071880340576172
1769703622.678107,233.54589462280273,227.07112312316895,305.6119918823242,227.79850959777832,72.06609725952148,0.727386474609375
1769703622.694416,233.4458351135254,227.01777935028076,305.76327323913574,227.74669647216797,72.31743812561035,0.728917121887207
1769703622.745122,233.72715950012207,226.59208059310913,305.87958335876465,227.34746932983398,72.15242385864258,0.7553887367248535
1769703622.804952,233.7314224243164,227.39794492721558,305.5034923553467,227.54209756851196,71.77206993103027,0.14415264129638672
1769703622.817771,233.74916076660156,227.54204750061035,305.74809074401855,227.76964902877808,71.99892997741699,0.2276015281677246
1769703622.874992,234.12487030029297,226.74712657928467,305.9702968597412,227.94326305389404,71.84542655944824,1.196136474609375
1769703622.89473,234.187650680542,226.5932321548462,305.7259464263916,227.77409076690674,71.53829574584961,1.1808586120605469
1769703622.923809,234.37055587768555,227.02423810958862,306.34504318237305,227.196786403656,71.9744873046875,0.1725482940673828
1769703622.940445,234.35009956359863,227.0260763168335,306.1854934692383,227.15545892715454,71.83539390563965,0.12938261032104492
1769703622.968007,235.9122085571289,226.79966926574707,307.5374126434326,227.48119354248047,71.62520408630371,0.6815242767333984
1769703622.985898,235.87838172912598,226.72001123428345,307.5609493255615,227.48145818710327,71.68256759643555,0.7614469528198242
1769703623.032252,236.41037940979004,226.88892602920532,307.8748893737793,227.55759716033936,71.46450996398926,0.6686711311340332
1769703623.053487,236.36603355407715,226.93560361862183,307.84430503845215,227.27997064590454,71.478271484375,0.34436702728271484
1769703623.099683,236.58530235290527,226.35916471481323,308.22715759277344,227.3343014717102,71.64185523986816,0.9751367568969727
1769703623.150631,236.9041347503662,227.09261655807495,308.1194591522217,227.7563738822937,71.21532440185547,0.66375732421875
1769703623.16926,236.82245254516602,227.3867154121399,308.3536624908447,227.8843116760254,71.53120994567871,0.49759626388549805
1769703623.286082,236.34479522705078,228.98357391357422,307.49292373657227,229.9750828742981,71.14812850952148,0.991508960723877
1769703623.299559,236.0920524597168,229.16232347488403,307.937650680542,230.0218963623047,71.8455982208252,0.8595728874206543
1769703623.340199,236.4291763305664,229.33544397354126,308.1867218017578,230.1885724067688,71.7575454711914,0.8531284332275391
1769703623.353537,236.67564392089844,229.47132110595703,308.14976692199707,230.4365372657776,71.47412300109863,0.9652161598205566
1769703623.359438,236.82879447937012,229.44854021072388,308.028564453125,230.37230730056763,71.19976997375488,0.92376708984375
1769703623.378155,236.88119888305664,229.40161228179932,308.0252170562744,230.37063360214233,71.14401817321777,0.9690213203430176
1769703623.399927,236.98771476745605,228.99410963058472,308.0344772338867,230.24982690811157,71.04676246643066,1.2557172775268555
1769703623.417959,236.8064022064209,229.19002532958984,308.2616424560547,230.2480387687683,71.45524024963379,1.0580134391784668
1769703623.449524,236.39290809631348,228.74042987823486,308.2125949859619,230.0382685661316,71.81968688964844,1.2978386878967285
1769703623.527402,237.0537281036377,229.1761350631714,308.9325523376465,230.3464150428772,71.87882423400879,1.1702799797058105
1769703623.544574,237.06707000732422,229.19575452804565,308.525915145874,229.95238065719604,71.4588451385498,0.7566261291503906
1769703623.576662,235.67160606384277,229.04661655426025,307.6916980743408,230.2650547027588,72.02009201049805,1.2184381484985352
1769703623.594517,236.06719970703125,228.9574098587036,308.04774284362793,230.37837982177734,71.98054313659668,1.4209699630737305
1769703623.64055,236.1827850341797,229.28880214691162,307.4605083465576,230.334370136261,71.27772331237793,1.0455679893493652
1769703623.658941,236.07481002807617,229.6396279335022,307.19587326049805,230.39319276809692,71.12106323242188,0.7535648345947266
1769703623.712193,236.1336898803711,229.1913914680481,308.02863121032715,230.0938081741333,71.89494132995605,0.9024167060852051
1769703623.729732,235.9996509552002,229.1144871711731,307.9074954986572,229.9789595603943,71.90784454345703,0.8644723892211914
1769703623.780171,236.105375289917,228.74985694885254,308.4516716003418,230.285382270813,72.3462963104248,1.5355253219604492
1769703623.794318,236.42440795898438,228.99812936782837,308.6174964904785,230.23601531982422,72.19308853149414,1.2378859519958496
1769703623.840191,237.09726333618164,228.66585731506348,308.44200134277344,229.975004196167,71.3447380065918,1.3091468811035156
1769703623.861007,237.26082801818848,228.6743187904358,308.56483459472656,230.11088848114014,71.30400657653809,1.4365696907043457
1769703623.89044,236.74888610839844,228.45927715301514,309.01623725891113,230.33215284347534,72.2673511505127,1.872875690460205
1769703623.955044,237.56932258605957,228.32395792007446,308.5791206359863,230.26622772216797,71.00979804992676,1.9422698020935059
1769703623.973804,237.3259449005127,228.36288928985596,309.19400215148926,230.3245496749878,71.86805725097656,1.961660385131836
1769703624.02384,237.35812187194824,227.64992952346802,308.91773223876953,229.8270606994629,71.55961036682129,2.177131175994873
1769703624.04023,237.42267608642578,227.677960395813,307.9152774810791,229.27941799163818,70.49260139465332,1.6014575958251953
1769703624.097427,237.5257682800293,227.75912046432495,308.38510513305664,229.08411026000977,70.85933685302734,1.3249897956848145
1769703624.108872,237.23872184753418,227.75882005691528,308.8285732269287,229.23561573028564,71.58985137939453,1.4767956733703613
1769703624.159857,237.19465255737305,227.90488243103027,308.52848052978516,229.52553749084473,71.33382797241211,1.6206550598144531
1769703624.185687,237.34472274780273,227.8678822517395,308.47551345825195,229.4095230102539,71.13079071044922,1.5416407585144043
1769703624.22784,237.3972511291504,226.842041015625,307.82527923583984,228.8693618774414,70.42802810668945,2.0273208618164062
1769703624.246262,237.6481819152832,226.8920660018921,307.33154296875,228.63285541534424,69.6833610534668,1.7407894134521484
1769703624.277491,237.3452377319336,227.95098781585693,308.15073013305664,229.8890733718872,70.80549240112305,1.9380855560302734
1769703624.34984,237.54365921020508,228.5366678237915,307.11554527282715,230.54195165634155,69.57188606262207,2.005283832550049
1769703624.371062,237.25017547607422,228.5442852973938,307.54735946655273,230.75023412704468,70.29718399047852,2.205948829650879
1769703624.399836,236.03387832641602,228.95325422286987,305.8423614501953,230.1810336112976,69.8084831237793,1.2277793884277344
1769703624.411115,235.94191551208496,229.04422044754028,306.3101577758789,230.50121784210205,70.36824226379395,1.4569973945617676
1769703624.440554,235.55057525634766,229.48972463607788,305.7565498352051,231.01211071014404,70.20597457885742,1.522386074066162
1769703624.480213,235.57744026184082,229.43485021591187,305.767879486084,231.01902723312378,70.19043922424316,1.584177017211914
1769703624.505202,235.54821014404297,229.5700478553772,304.86462593078613,231.79882764816284,69.31641578674316,2.2287797927856445
1769703624.523794,235.46003341674805,229.74408388137817,305.0392723083496,231.77036046981812,69.57923889160156,2.0262765884399414
1769703624.655382,235.81642150878906,231.08420848846436,306.0113525390625,233.1478214263916,70.19493103027344,2.063612937927246
1769703624.669589,235.80910682678223,231.0448122024536,306.0538959503174,233.27359199523926,70.24478912353516,2.2287797927856445
1769703624.694695,236.08169555664062,231.12738847732544,305.7937717437744,233.10088634490967,69.71207618713379,1.9734978675842285
1769703624.71502,236.02460861206055,231.090087890625,305.66187858581543,233.15566062927246,69.63726997375488,2.065572738647461
1769703624.734333,235.90283393859863,231.05856657028198,305.8883762359619,233.17304134368896,69.98554229736328,2.1144747734069824
1769703624.759283,236.2633514404297,231.19374990463257,306.41334533691406,233.69494199752808,70.14999389648438,2.501192092895508
1769703624.773931,236.33146286010742,231.07905864715576,306.10013008117676,233.73024702072144,69.76866722106934,2.651188373565674
1769703624.849549,236.9231414794922,231.30000829696655,306.1486530303955,233.89999151229858,69.22551155090332,2.5999832153320312
1769703624.865773,236.74604415893555,231.36674165725708,306.10279083251953,233.7776255607605,69.35674667358398,2.410883903503418
1769703624.905609,236.27169609069824,231.15609884262085,307.0412063598633,233.91458988189697,70.76951026916504,2.758491039276123
1769703624.923646,236.30274772644043,231.1367154121399,307.03405380249023,233.8954997062683,70.7313060760498,2.758784294128418
1769703624.943867,236.32734298706055,231.13937616348267,307.0691967010498,233.91823053359985,70.74185371398926,2.7788543701171875
1769703624.971473,237.65161514282227,231.13019227981567,307.79019355773926,233.8231086730957,70.13857841491699,2.6929163932800293
1769703624.990221,237.78998374938965,231.20916366577148,307.57166862487793,233.71310949325562,69.78168487548828,2.503945827484131
1769703625.032123,238.1360149383545,231.19941473007202,308.54029655456543,234.04849290847778,70.40428161621094,2.8490781784057617
1769703625.049833,238.36193084716797,231.24784469604492,308.03194999694824,233.98780345916748,69.67001914978027,2.7399587631225586
1769703625.099703,238.2204818725586,231.5924835205078,307.80909538269043,234.10557746887207,69.58861351013184,2.513093948364258
1769703625.185871,237.8037929534912,231.69500827789307,308.8837432861328,234.2344093322754,71.0799503326416,2.539401054382324
1769703625.194628,237.90596961975098,231.73916816711426,308.5565948486328,234.23855066299438,70.65062522888184,2.499382495880127
1769703625.253857,239.12306785583496,231.44991874694824,308.4310531616211,234.04051065444946,69.30798530578613,2.5905919075012207
1769703625.268228,239.18560028076172,231.26960277557373,307.90846824645996,233.98963451385498,68.72286796569824,2.72003173828125
1769703625.309133,238.4850788116455,231.46990299224854,308.58052253723145,234.57206010818481,70.09544372558594,3.1021571159362793
1769703625.323661,238.424072265625,231.5792441368103,308.6276054382324,234.47328329086304,70.20353317260742,2.8940391540527344
1769703625.340187,238.53421211242676,231.54605627059937,308.63122940063477,234.57371950149536,70.09701728820801,3.027663230895996
1769703625.379857,238.0355739593506,231.1137557029724,307.52376556396484,233.74300003051758,69.48819160461426,2.629244327545166
1769703625.399682,238.06536674499512,231.06730699539185,307.3426914215088,233.8206124305725,69.27732467651367,2.753305435180664
1769703625.440545,237.76850700378418,231.25330924987793,307.9348087310791,234.04456615447998,70.16630172729492,2.791256904602051
1769703625.453708,237.74572372436523,231.1540961265564,307.43165016174316,233.75027418136597,69.68592643737793,2.5961780548095703
1769703625.509156,237.94697761535645,230.85357427597046,307.9009437561035,233.23015451431274,69.95396614074707,2.376580238342285
1769703625.573845,238.28242301940918,230.4330325126648,307.9030227661133,233.2872176170349,69.6205997467041,2.854185104370117
1769703625.594217,238.47366333007812,230.3368878364563,307.59315490722656,233.19562196731567,69.11949157714844,2.858734130859375
1769703625.655095,239.50712203979492,229.91698265075684,308.4509086608887,233.0093479156494,68.94378662109375,3.092365264892578
1769703625.674038,239.44048881530762,229.94285345077515,308.2780075073242,233.04571866989136,68.8375186920166,3.102865219116211
1769703625.712199,239.76174354553223,229.42387104034424,310.6890106201172,232.5405764579773,70.92726707458496,3.1167054176330566
1769703625.730235,240.2463436126709,229.31742668151855,310.45440673828125,232.41652250289917,70.20806312561035,3.0990958213806152
1769703625.749655,240.17849922180176,229.07259464263916,309.8707962036133,231.8436312675476,69.69229698181152,2.7710366249084473
1769703625.777559,242.60433197021484,228.73393535614014,312.3559093475342,232.94373035430908,69.75157737731934,4.209794998168945
1769703625.796503,242.73935317993164,228.68231534957886,311.50938987731934,232.7196764945984,68.7700366973877,4.037361145019531
1769703625.840423,244.21796798706055,226.143479347229,315.1284885406494,231.36445999145508,70.91052055358887,5.220980644226074
1769703625.859175,244.80527877807617,226.3392162322998,314.60302352905273,231.2232255935669,69.79774475097656,4.88400936126709
1769703625.908894,247.65191078186035,226.06033086776733,317.7265739440918,230.70095300674438,70.07466316223145,4.640622138977051
1769703626.001926,252.18173027038574,224.13261651992798,321.36999130249023,229.93140935897827,69.18826103210449,5.798792839050293
1769703626.008947,252.61205673217773,224.313862323761,321.88194274902344,229.85265970230103,69.2698860168457,5.538797378540039
1769703626.035631,255.58570861816406,224.34775829315186,324.6918773651123,230.54245233535767,69.10616874694824,6.1946940422058105
1769703626.049557,255.97092628479004,224.39783334732056,325.34446716308594,230.7833433151245,69.3735408782959,6.385509967803955
1769703626.061329,256.074914932251,224.4455122947693,325.0135612487793,230.7847023010254,68.93864631652832,6.3391900062561035
1769703626.103575,258.44432830810547,224.934504032135,327.98157691955566,231.6528081893921,69.5372486114502,6.71830415725708
1769703626.117879,259.1562271118164,225.305757522583,327.47459411621094,231.53018474578857,68.31836700439453,6.224427223205566
1769703626.171105,260.1648139953613,223.46341609954834,330.41906356811523,231.15965366363525,70.2542495727539,7.696237564086914
1769703626.185612,260.8898448944092,223.60294818878174,329.8521900177002,231.08660459518433,68.96234512329102,7.483656406402588
1769703626.311074,261.1472225189209,225.53372383117676,330.21300315856934,233.29472064971924,69.06578063964844,7.7609968185424805
1769703626.329754,261.1228656768799,225.6787633895874,330.3138828277588,232.87789821624756,69.1910171508789,7.199134826660156
1769703626.358913,257.94273376464844,225.74715614318848,327.5734615325928,233.73039722442627,69.63072776794434,7.983241081237793
1769703626.377557,258.1617736816406,225.7920527458191,327.25147247314453,233.47406387329102,69.0896987915039,7.682011127471924
1769703626.390951,258.447265625,225.7272434234619,327.5215148925781,233.5437798500061,69.07424926757812,7.8165364265441895
1769703626.409136,254.44894790649414,227.9282784461975,324.51064109802246,234.95776891708374,70.06169319152832,7.0294904708862305
1769703626.429913,254.76459503173828,227.65284061431885,323.9691638946533,234.55145359039307,69.20456886291504,6.898612976074219
1769703626.485762,250.82098007202148,228.56834650039673,321.16931915283203,235.05871295928955,70.34833908081055,6.490366458892822
1769703626.505004,251.43110275268555,227.87997007369995,321.19367599487305,234.85833406448364,69.7625732421875,6.978363990783691
1769703626.552056,247.55109786987305,228.81166219711304,317.8621482849121,235.80940961837769,70.31105041503906,6.997747421264648
1769703626.571672,247.89714813232422,228.54236841201782,317.8812789916992,235.6629180908203,69.984130859375,7.12054967880249
1769703626.619584,245.24017333984375,231.11851930618286,316.3043785095215,237.7909755706787,71.06420516967773,6.67245626449585
1769703626.638204,245.1706314086914,230.7578945159912,316.26078605651855,237.71728992462158,71.09015464782715,6.959395408630371
1769703626.649515,243.7773609161377,231.2456202507019,313.83657455444336,237.2237992286682,70.05921363830566,5.978178977966309
1769703626.720758,243.4776210784912,231.7168664932251,313.6814022064209,237.33268976211548,70.20378112792969,5.615823268890381
1769703626.738194,243.48986625671387,231.29732608795166,313.927698135376,237.24292516708374,70.43783187866211,5.94559907913208
1769703626.782503,243.92230987548828,230.79371452331543,314.0549564361572,237.96404600143433,70.13264656066895,7.1703314781188965
1769703626.79471,244.01718139648438,231.1498475074768,314.20092582702637,238.1352424621582,70.18374443054199,6.9853949546813965
1769703626.844816,244.24731254577637,230.51360607147217,314.6702194213867,237.77594089508057,70.42290687561035,7.262334823608398
1769703626.85928,244.0699863433838,230.8704113960266,314.71285820007324,237.90756225585938,70.64287185668945,7.037150859832764
1769703626.886504,245.17309188842773,231.72522068023682,315.3240966796875,237.34987020492554,70.15100479125977,5.624649524688721
1769703626.905083,245.1784324645996,231.417396068573,315.22302627563477,237.1373963356018,70.04459381103516,5.720000267028809
1769703626.953542,245.85521697998047,230.99771976470947,315.1879692077637,237.3769211769104,69.3327522277832,6.379201412200928
1769703627.029724,246.27474784851074,229.7574234008789,316.2119483947754,236.58932447433472,69.93720054626465,6.8319010734558105
1769703627.044874,246.14293098449707,229.89835023880005,316.2863540649414,236.75728797912598,70.14342308044434,6.858937740325928
1769703627.082292,247.2942066192627,228.37397575378418,316.49118423461914,235.0557804107666,69.19697761535645,6.681804656982422
